t,event,person_id,S,I,R
0.05205187467098024,recovery,991,990,9,1
0.07123464080057373,infection,527,989,10,1
0.2198207806928466,recovery,995,989,9,2
0.31055247267214825,recovery,994,989,8,3
0.563946433186473,infection,534,988,9,3
0.7399373735293167,infection,92,987,10,3
0.993422651469378,recovery,997,987,9,4
1.3430017357106758,infection,207,986,10,4
1.4941319975893266,infection,756,985,11,4
1.5187223599367567,recovery,207,985,10,5
1.5749686130362262,recovery,527,985,9,6
1.8968366602701296,infection,790,984,10,6
1.9046797076710875,infection,625,983,11,6
2.245988703775075,infection,187,982,12,6
2.375318842004389,infection,539,981,13,6
2.4980650385357084,infection,459,980,14,6
2.546093412477467,infection,934,979,15,6
2.6110469398155636,infection,953,978,16,6
2.7032408689238956,infection,135,977,17,6
2.734835397787916,infection,196,976,18,6
2.7957720050555794,infection,624,975,19,6
2.8449033936651387,recovery,459,975,18,7
2.929842971805615,infection,43,974,19,7
3.023290096067569,infection,105,973,20,7
3.030706215385284,recovery,1000,973,19,8
3.107552568208753,infection,310,972,20,8
3.186162642570863,infection,125,971,21,8
3.2200000321814897,recovery,624,971,20,9
3.2604894157587627,infection,944,970,21,9
3.3921103868589304,recovery,105,970,20,10
3.600234416538575,recovery,625,970,19,11
3.638432149446317,recovery,993,970,18,12
3.6763978236962567,infection,577,969,19,12
3.699278224672832,recovery,539,969,18,13
4.242754931238725,infection,178,968,19,13
4.252615651801071,recovery,125,968,18,14
4.532954573858475,infection,13,967,19,14
4.592857709499257,infection,567,966,20,14
4.658738129637802,infection,164,965,21,14
4.6631592017997985,infection,706,964,22,14
4.702564434785553,recovery,934,964,21,15
4.709748141149116,recovery,790,964,20,16
4.735491842499503,infection,55,963,21,16
4.948314994798635,recovery,996,963,20,17
5.142190057586921,infection,686,962,21,17
5.1535866505838035,recovery,55,962,20,18
5.217729393386049,infection,22,961,21,18
5.238389222377752,infection,697,960,22,18
5.27046638988589,infection,73,959,23,18
5.304784930910136,infection,501,958,24,18
5.349232080051356,recovery,178,958,23,19
5.357481687752674,infection,81,957,24,19
5.451328117032985,infection,129,956,25,19
5.469347479180698,infection,29,955,26,19
5.497680398141772,recovery,187,955,25,20
5.533795879194709,recovery,944,955,24,21
5.5963579405988435,recovery,501,955,23,22
5.745357092010609,infection,354,954,24,22
5.828649344987552,infection,139,953,25,22
5.957534376857543,infection,329,952,26,22
5.975949386758329,recovery,129,952,25,23
5.987458976441026,infection,115,951,26,23
6.106102145583326,infection,197,950,27,23
6.124985206453758,infection,935,949,28,23
6.18238875276107,infection,681,948,29,23
6.197594038731122,infection,251,947,30,23
6.340575866463052,infection,384,946,31,23
6.353523966427443,infection,21,945,32,23
6.510186643206399,recovery,697,945,31,24
6.528648306420868,infection,653,944,32,24
6.596235408495605,infection,651,943,33,24
6.638317277093706,infection,597,942,34,24
6.716077366225268,recovery,567,942,33,25
6.7455771467197385,recovery,681,942,32,26
6.785663642411718,infection,909,941,33,26
6.849420148890441,infection,850,940,34,26
6.856448362305432,recovery,251,940,33,27
6.874391915415919,infection,957,939,34,27
6.9344579386969984,recovery,953,939,33,28
7.009634624694385,infection,5,938,34,28
7.010913313005008,recovery,43,938,33,29
7.031999858505679,infection,788,937,34,29
7.066841773991341,recovery,5,937,33,30
7.086885337898558,infection,748,936,34,30
7.106785065038454,infection,787,935,35,30
7.174871773505231,infection,84,934,36,30
7.217154489103404,infection,288,933,37,30
7.224153731675676,infection,342,932,38,30
7.283916638680778,infection,259,931,39,30
7.339551652496627,infection,316,930,40,30
7.355456447789201,recovery,686,930,39,31
7.375086831974474,infection,396,929,40,31
7.405777731832433,infection,570,928,41,31
7.447327720963499,infection,622,927,42,31
7.478545075790966,infection,897,926,43,31
7.5195155555093365,infection,172,925,44,31
7.541172058042132,infection,410,924,45,31
7.614957027778133,infection,229,923,46,31
7.674253252078122,infection,75,922,47,31
7.720596515555085,infection,356,921,48,31
7.7691154602539525,infection,737,920,49,31
7.779799399493581,infection,245,919,50,31
7.790914529127141,infection,386,918,51,31
7.811918742681049,infection,121,917,52,31
7.821425556079321,recovery,651,917,51,32
7.885066134579197,infection,626,916,52,32
7.902794317943732,infection,394,915,53,32
7.911080955680904,infection,390,914,54,32
7.913519290993128,infection,708,913,55,32
7.91731306056263,recovery,622,913,54,33
8.039146125350712,infection,68,912,55,33
8.10159680405833,recovery,998,912,54,34
8.102276414605326,recovery,22,912,53,35
8.117563514694186,infection,302,911,54,35
8.125020059948438,infection,317,910,55,35
8.208970359016934,infection,116,909,56,35
8.222705859872052,recovery,396,909,55,36
8.224087445345022,recovery,245,909,54,37
8.30240342424669,infection,388,908,55,37
8.32095512124902,recovery,394,908,54,38
8.429629364421057,infection,177,907,55,38
8.443494928294172,infection,609,906,56,38
8.469284109209024,infection,814,905,57,38
8.482010697857254,infection,671,904,58,38
8.485891986063384,recovery,534,904,57,39
8.567920274615638,infection,929,903,58,39
8.61025827042053,infection,599,902,59,39
8.626641088848006,infection,389,901,60,39
8.630279610110607,infection,167,900,61,39
8.654517972787092,infection,796,899,62,39
8.66688205550692,infection,656,898,63,39
8.671845283588898,recovery,992,898,62,40
8.701759499299465,infection,661,897,63,40
8.728176196750487,recovery,121,897,62,41
8.752863825843203,infection,716,896,63,41
8.793439217914514,infection,64,895,64,41
8.827150089653928,infection,89,894,65,41
8.863844991079556,infection,309,893,66,41
8.879504140661323,infection,942,892,67,41
8.880130025692763,infection,927,891,68,41
8.888789657055682,infection,331,890,69,41
8.972013587177853,recovery,935,890,68,42
8.996428164241562,infection,142,889,69,42
9.000944940342379,recovery,661,889,68,43
9.015077563726523,infection,31,888,69,43
9.066936584979178,recovery,653,888,68,44
9.07551829122565,infection,709,887,69,44
9.121799922382023,infection,304,886,70,44
9.15073345302449,infection,30,885,71,44
9.177526529846107,infection,182,884,72,44
9.189559323006147,infection,370,883,73,44
9.197340376742181,recovery,748,883,72,45
9.2042895145109,infection,86,882,73,45
9.205937363217817,infection,855,881,74,45
9.206824670654527,infection,746,880,75,45
9.256598807638667,recovery,21,880,74,46
9.296361659967383,infection,749,879,75,46
9.307612549986843,infection,627,878,76,46
9.325855622305738,infection,757,877,77,46
9.332125719519581,infection,134,876,78,46
9.3333849357397,recovery,788,876,77,47
9.362916316569606,recovery,30,876,76,48
9.38188898724821,infection,305,875,77,48
9.399918808688104,infection,49,874,78,48
9.420369796656606,infection,546,873,79,48
9.422889626509699,infection,682,872,80,48
9.426608570328172,recovery,746,872,79,49
9.428057146701768,infection,403,871,80,49
9.43285863905717,infection,843,870,81,49
9.443020379993417,recovery,29,870,80,50
9.4531317291807,infection,67,869,81,50
9.460506312337452,recovery,410,869,80,51
9.480325763230582,infection,636,868,81,51
9.480749244598552,infection,487,867,82,51
9.488033067314975,infection,639,866,83,51
9.505035009950797,infection,794,865,84,51
9.52935462409464,recovery,259,865,83,52
9.54122835362039,infection,530,864,84,52
9.550259371252888,infection,375,863,85,52
9.573470861333895,infection,781,862,86,52
9.59214895796498,recovery,787,862,85,53
9.601145010416422,recovery,927,862,84,54
9.655376968939231,recovery,384,862,83,55
9.669347798361642,recovery,639,862,82,56
9.677803601646303,infection,93,861,83,56
9.692007285274265,recovery,302,861,82,57
9.695214654558123,recovery,342,861,81,58
9.736216864262369,infection,150,860,82,58
9.861434372454463,infection,824,859,83,58
9.881847283525602,infection,976,858,84,58
9.8942573404554,recovery,13,858,83,59
9.911435573734419,recovery,716,858,82,60
9.943041913053303,recovery,81,858,81,61
9.987413664524661,infection,692,857,82,61
9.988824460694405,infection,11,856,83,61
10.0034573196744,recovery,909,856,82,62
10.009663521229092,infection,424,855,83,62
10.0240182189078,recovery,31,855,82,63
10.035859539786184,recovery,824,855,81,64
10.038539817002173,infection,223,854,82,64
10.047602376453883,infection,52,853,83,64
10.069374712490784,infection,80,852,84,64
10.094156137897755,infection,233,851,85,64
10.101567345086702,infection,774,850,86,64
10.103574477691875,recovery,317,850,85,65
10.105174575019863,infection,458,849,86,65
10.111312539095566,recovery,487,849,85,66
10.112743255599979,recovery,403,849,84,67
10.11726954791571,infection,638,848,85,67
10.137293490647671,infection,415,847,86,67
10.142814791272473,infection,900,846,87,67
10.156074223612396,recovery,329,846,86,68
10.15943886229405,infection,124,845,87,68
10.169083046437173,recovery,67,845,86,69
10.179335389609621,recovery,976,845,85,70
10.188718452983785,recovery,386,845,84,71
10.22078427801204,infection,24,844,85,71
10.22990966085323,recovery,999,844,84,72
10.24138453100915,infection,398,843,85,72
10.256371701414603,recovery,636,843,84,73
10.263957380213194,infection,96,842,85,73
10.27635994577616,recovery,389,842,84,74
10.321612418525552,infection,350,841,85,74
10.337269385894347,recovery,52,841,84,75
10.345871326052913,recovery,135,841,83,76
10.371779203556033,recovery,709,841,82,77
10.373159809024838,recovery,671,841,81,78
10.381446305548439,recovery,814,841,80,79
10.403672993948355,recovery,197,841,79,80
10.40493674762173,infection,878,840,80,80
10.405167778735185,infection,79,839,81,80
10.421084999299252,recovery,80,839,80,81
10.421392902779445,infection,60,838,81,81
10.428466157003296,recovery,182,838,80,82
10.430452444659135,recovery,957,838,79,83
10.483385845803028,infection,324,837,80,83
10.510395123138611,recovery,93,837,79,84
10.522429749270213,recovery,331,837,78,85
10.5269437356282,infection,946,836,79,85
10.540048543284358,recovery,177,836,78,86
10.546346128854598,recovery,167,836,77,87
10.566601670167827,infection,358,835,78,87
10.592142583820943,recovery,855,835,77,88
10.599766760893104,infection,579,834,78,88
10.623569376429856,infection,101,833,79,88
10.646256611731891,infection,171,832,80,88
10.667534598045364,recovery,288,832,79,89
10.688219313931802,recovery,530,832,78,90
10.711367744848848,recovery,599,832,77,91
10.711847593798776,recovery,49,832,76,92
10.749927580077882,infection,982,831,77,92
10.786668554332556,recovery,546,831,76,93
10.812428089119996,infection,399,830,77,93
10.814394287829893,infection,97,829,78,93
10.825680467839417,infection,40,828,79,93
10.834060124208179,infection,621,827,80,93
10.834707774672927,recovery,415,827,79,94
10.853588276159014,recovery,942,827,78,95
10.857056530969457,recovery,92,827,77,96
10.872193097800986,infection,482,826,78,96
10.887063278094564,infection,821,825,79,96
10.935042148619257,infection,973,824,80,96
10.944072422928432,recovery,737,824,79,97
10.95722163534653,infection,581,823,80,97
11.011693528785779,infection,265,822,81,97
11.024518137415944,infection,307,821,82,97
11.043023067772172,recovery,794,821,81,98
11.097442295861784,recovery,577,821,80,99
11.131920978224478,infection,254,820,81,99
11.165485684900455,recovery,139,820,80,100
11.174223104874802,recovery,40,820,79,101
11.182673293438933,recovery,233,820,78,102
11.205655487258845,infection,191,819,79,102
11.230948684892926,infection,894,818,80,102
11.248533412497308,recovery,897,818,79,103
11.2513628948329,infection,685,817,80,103
11.259454464395326,recovery,265,817,79,104
11.281475831973294,recovery,24,817,78,105
11.305547490539535,recovery,424,817,77,106
11.315176126160088,infection,12,816,78,106
11.315616952071819,recovery,375,816,77,107
11.330017705762849,recovery,878,816,76,108
11.339452426726847,infection,109,815,77,108
11.341818990233184,recovery,850,815,76,109
11.352747565605144,infection,816,814,77,109
11.365346356224817,infection,514,813,78,109
11.371370468999288,infection,582,812,79,109
11.373484144134874,infection,798,811,80,109
11.382183061216796,recovery,64,811,79,110
11.400569182734804,infection,984,810,80,110
11.432428442591661,infection,204,809,81,110
11.449065814479674,infection,773,808,82,110
11.457392454575416,recovery,984,808,81,111
11.465693188701126,infection,907,807,82,111
11.469829547032479,recovery,682,807,81,112
11.485461038413224,recovery,609,807,80,113
11.522866649204454,recovery,307,807,79,114
11.532741631695036,infection,780,806,80,114
11.538442199929895,infection,436,805,81,114
11.554093357089972,infection,360,804,82,114
11.564383201843306,infection,325,803,83,114
11.566493435773241,infection,544,802,84,114
11.599796334775467,infection,322,801,85,114
11.604622308560648,infection,156,800,86,114
11.660210190660285,recovery,305,800,85,115
11.666671374522721,infection,409,799,86,115
11.685587796613184,infection,869,798,87,115
11.689474169804447,infection,51,797,88,115
11.758916393681227,infection,725,796,89,115
11.79652950172069,recovery,75,796,88,116
11.816527279473,recovery,725,796,87,117
11.847435556796452,infection,25,795,88,117
11.865253194698127,infection,990,794,89,117
11.897747070775141,recovery,582,794,88,118
11.902439343390078,infection,969,793,89,118
11.913815346193479,infection,269,792,90,118
11.92875350079698,infection,741,791,91,118
11.945696030685225,infection,800,790,92,118
11.949109851708377,recovery,907,790,91,119
11.950977771153596,recovery,86,790,90,120
11.988319496057883,recovery,969,790,89,121
11.994705929217249,infection,607,789,90,121
11.999661490843181,infection,441,788,91,121
12.052115212023104,infection,917,787,92,121
12.057234685185952,infection,428,786,93,121
12.065465397683582,recovery,621,786,92,122
12.119587348576792,infection,397,785,93,122
12.131737104435468,infection,707,784,94,122
12.14502063606692,recovery,441,784,93,123
12.147758689632987,infection,825,783,94,123
12.165425152540815,infection,127,782,95,123
12.178226295579034,infection,78,781,96,123
12.200845746621054,recovery,89,781,95,124
12.227371167269258,infection,925,780,96,124
12.244814592299779,infection,496,779,97,124
12.29510582900156,recovery,127,779,96,125
12.3001118832405,infection,419,778,97,125
12.301886465579509,infection,566,777,98,125
12.315061943938682,recovery,322,777,97,126
12.325103045134938,infection,287,776,98,126
12.367523330274766,infection,882,775,99,126
12.371627319893243,recovery,843,775,98,127
12.378561512143698,infection,664,774,99,127
12.399964796772124,infection,702,773,100,127
12.417143136732387,infection,365,772,101,127
12.423061232423514,infection,107,771,102,127
12.45966882252421,infection,628,770,103,127
12.479375397193639,infection,357,769,104,127
12.508934415107058,infection,858,768,105,127
12.58188205608066,infection,811,767,106,127
12.583306319388083,infection,975,766,107,127
12.588160130565829,infection,603,765,108,127
12.588271193186245,infection,291,764,109,127
12.600906692404902,infection,786,763,110,127
12.609428707625614,infection,735,762,111,127
12.610442779927778,infection,379,761,112,127
12.641369827333726,recovery,603,761,111,128
12.64252079987193,recovery,685,761,110,129
12.655418190351067,infection,648,760,111,129
12.660093881230702,infection,100,759,112,129
12.662262962145757,recovery,664,759,111,130
12.666793275938987,infection,289,758,112,130
12.672292224948103,infection,312,757,113,130
12.676209711460553,infection,751,756,114,130
12.681479269147044,recovery,946,756,113,131
12.686679898191759,infection,282,755,114,131
12.711402583665508,recovery,436,755,113,132
12.716809959822982,infection,199,754,114,132
12.731448998382028,recovery,309,754,113,133
12.753711800707503,infection,962,753,114,133
12.757343741108794,infection,327,752,115,133
12.763899574898124,infection,632,751,116,133
12.785670286701237,infection,334,750,117,133
12.791931293299674,infection,874,749,118,133
12.796368193369636,infection,715,748,119,133
12.798015804536599,infection,300,747,120,133
12.79954786379739,infection,407,746,121,133
12.807725910179995,infection,76,745,122,133
12.817458685149255,recovery,51,745,121,134
12.824861745669732,infection,508,744,122,134
12.828000251462866,infection,640,743,123,134
12.830485229182532,infection,218,742,124,134
12.83315593366346,recovery,164,742,123,135
12.87989451728692,infection,840,741,124,135
12.884393366094546,recovery,304,741,123,136
12.896394212047388,infection,556,740,124,136
12.928876705153888,recovery,325,740,123,137
12.950600825520516,infection,91,739,124,137
12.955178696713622,infection,272,738,125,137
12.961262138597936,recovery,648,738,124,138
12.985970343605986,recovery,597,738,123,139
12.990437219735028,infection,54,737,124,139
13.012448008572635,recovery,204,737,123,140
13.025606878374669,recovery,514,737,122,141
13.052041937744347,recovery,496,737,121,142
13.074810819099175,infection,442,736,122,142
13.08018570000919,recovery,780,736,121,143
13.141039756531166,recovery,858,736,120,144
13.143327070309871,recovery,419,736,119,145
13.145405701626261,recovery,638,736,118,146
13.148748975889202,recovery,350,736,117,147
13.171882914171572,recovery,756,736,116,148
13.213184404466482,infection,262,735,117,148
13.238988000313473,infection,479,734,118,148
13.268949926712978,infection,955,733,119,148
13.269042054793056,recovery,632,733,118,149
13.276414538070197,infection,494,732,119,149
13.29359648328518,infection,678,731,120,149
13.310618131695229,infection,438,730,121,149
13.322221880008044,recovery,76,730,120,150
13.34463305924146,recovery,397,730,119,151
13.351201546055076,recovery,973,730,118,152
13.370666396001067,recovery,370,730,117,153
13.379073497273108,recovery,124,730,116,154
13.41751737556434,infection,585,729,117,154
13.44408689915799,recovery,79,729,116,155
13.450913414484045,infection,94,728,117,155
13.452609864254656,infection,297,727,118,155
13.463693636412817,infection,303,726,119,155
13.481725194448998,infection,160,725,120,155
13.492571256655117,infection,437,724,121,155
13.50561763988492,infection,498,723,122,155
13.51170419147588,infection,244,722,123,155
13.520622383680934,recovery,398,722,122,156
13.527208592208572,infection,180,721,123,156
13.53073237833547,infection,174,720,124,156
13.582778549737357,infection,466,719,125,156
13.586454460879697,recovery,312,719,124,157
13.60267604805313,infection,61,718,125,157
13.614142644793285,recovery,581,718,124,158
13.621069753866719,recovery,316,718,123,159
13.639293898281284,recovery,774,718,122,160
13.675515191419322,infection,235,717,123,160
13.68216732930992,infection,270,716,124,160
13.685287887716942,recovery,579,716,123,161
13.688182284638339,recovery,310,716,122,162
13.70380294558681,recovery,156,716,121,163
13.749123215294427,infection,782,715,122,163
13.778445887722162,recovery,407,715,121,164
13.792549559843236,infection,873,714,122,164
13.81136944572223,recovery,678,714,121,165
13.821205202849242,recovery,900,714,120,166
13.846660822664592,infection,343,713,121,166
13.867581025108688,infection,594,712,122,166
13.872209245824964,recovery,172,712,121,167
13.877758075212164,recovery,399,712,120,168
13.884043145246336,recovery,508,712,119,169
13.894446721547718,infection,937,711,120,169
13.895736220651091,recovery,100,711,119,170
13.918220791298342,infection,454,710,120,170
13.92038982096205,infection,805,709,121,170
13.947937902142835,infection,803,708,122,170
13.962954292095425,infection,119,707,123,170
13.966920455258377,infection,163,706,124,170
13.96846595398824,infection,6,705,125,170
13.995480891288473,recovery,786,705,124,171
14.001949931204619,infection,74,704,125,171
14.03139197129277,infection,623,703,126,171
14.053075370919457,recovery,925,703,125,172
14.075159842057847,infection,213,702,126,172
14.07683634792406,recovery,358,702,125,173
14.078805188930346,infection,541,701,126,173
14.08433629923976,recovery,343,701,125,174
14.085991258956664,recovery,54,701,124,175
14.087394924023725,infection,573,700,125,175
14.157838712231863,recovery,244,700,124,176
14.158530609610438,recovery,707,700,123,177
14.173753294412492,infection,242,699,124,177
14.179083525597319,infection,267,698,125,177
14.185348041823834,infection,232,697,126,177
14.196499584565156,infection,110,696,127,177
14.220948687682311,recovery,267,696,126,178
14.23788734940029,recovery,937,696,125,179
14.239447200010389,infection,663,695,126,179
14.269303723936961,infection,899,694,127,179
14.277005023794532,recovery,715,694,126,180
14.288469124346166,recovery,101,694,125,181
14.302500876421743,infection,596,693,126,181
14.309441946698948,recovery,107,693,125,182
14.310466868559024,recovery,180,693,124,183
14.331260162375882,infection,278,692,125,183
14.336054105531508,infection,26,691,126,183
14.358044993705807,infection,589,690,127,183
14.37869914725753,infection,491,689,128,183
14.425217307006085,infection,488,688,129,183
14.45006466540247,recovery,262,688,128,184
14.473571640958584,infection,952,687,129,184
14.482904625847127,infection,860,686,130,184
14.490346494675453,infection,966,685,131,184
14.4928211818098,infection,775,684,132,184
14.499205374321782,infection,131,683,133,184
14.521104823587505,recovery,556,683,132,185
14.534021555307207,infection,148,682,133,185
14.544925070186343,infection,948,681,134,185
14.576492789063462,recovery,458,681,133,186
14.609748972553808,infection,62,680,134,186
14.614772706652584,recovery,438,680,133,187
14.633648041239095,infection,668,679,134,187
14.650023029349386,infection,818,678,135,187
14.669393637098786,recovery,749,678,134,188
14.680474190933287,infection,434,677,135,188
14.685950261726852,infection,919,676,136,188
14.717402444864701,infection,449,675,137,188
14.722416140217916,infection,95,674,138,188
14.724891638941422,infection,646,673,139,188
14.749789399191476,recovery,357,673,138,189
14.750071795362906,infection,924,672,139,189
14.760719978353045,infection,747,671,140,189
14.764415036499367,infection,480,670,141,189
14.78971799824648,recovery,741,670,140,190
14.804949482411496,recovery,803,670,139,191
14.837213190921792,infection,600,669,140,191
14.851594217492119,infection,783,668,141,191
14.857807188842694,infection,879,667,142,191
14.859288458605516,recovery,68,667,141,192
14.881353809910284,infection,132,666,142,192
14.893558700768692,infection,562,665,143,192
14.895756429471733,recovery,437,665,142,193
14.904629587789927,recovery,150,665,141,194
14.91018329682105,infection,221,664,142,194
14.926729143926227,recovery,297,664,141,195
14.927747609000498,recovery,11,664,140,196
14.932333808765009,recovery,899,664,139,197
14.935902446217284,recovery,134,664,138,198
14.944686353886762,recovery,84,664,137,199
14.958630279092576,recovery,919,664,136,200
14.96840420347954,infection,612,663,137,200
14.980524192290863,recovery,479,663,136,201
14.982634836576038,recovery,640,663,135,202
14.984338107175475,recovery,142,663,134,203
15.011329489099545,recovery,94,663,133,204
15.01803598349582,infection,385,662,134,204
15.078575129582491,recovery,454,662,133,205
15.080982836145921,infection,141,661,134,205
15.085342428196597,infection,57,660,135,205
15.089293035083607,recovery,796,660,134,206
15.09294665400786,recovery,141,660,133,207
15.095685798839892,infection,320,659,134,207
15.10023572857893,infection,133,658,135,207
15.10089615215529,infection,338,657,136,207
15.117935717989345,infection,481,656,137,207
15.144906760652011,infection,545,655,138,207
15.17165049375062,infection,225,654,139,207
15.181243152271856,infection,655,653,140,207
15.198559500839197,recovery,498,653,139,208
15.227882633375906,recovery,975,653,138,209
15.231547705240706,infection,484,652,139,209
15.25399546610295,recovery,171,652,138,210
15.256403505167462,infection,841,651,139,210
15.257290308803377,recovery,163,651,138,211
15.257914696295998,recovery,706,651,137,212
15.26866464423688,infection,561,650,138,212
15.273332699824898,infection,847,649,139,212
15.286325299992013,recovery,354,649,138,213
15.29265101774572,recovery,388,649,137,214
15.327107364487503,infection,673,648,138,214
15.343682881741715,recovery,385,648,137,215
15.346043648784367,recovery,119,648,136,216
15.379081364581113,infection,271,647,137,216
15.381283402878935,infection,433,646,138,216
15.389934764497244,recovery,232,646,137,217
15.395061220067777,infection,588,645,138,217
15.421113376501701,recovery,360,645,137,218
15.423116605640283,recovery,929,645,136,219
15.437419009737258,infection,950,644,137,219
15.453845776912269,infection,465,643,138,219
15.500476239076157,infection,769,642,139,219
15.507329693995722,infection,224,641,140,219
15.519385587211476,infection,285,640,141,219
15.52310732807964,infection,675,639,142,219
15.52396337196429,infection,938,638,143,219
15.596480498045898,recovery,278,638,142,220
15.605808485891494,infection,688,637,143,220
15.613038241419503,recovery,783,637,142,221
15.626433107557824,infection,641,636,143,221
15.626883476271415,infection,17,635,144,221
15.657889569740922,infection,645,634,145,221
15.658904539375524,recovery,303,634,144,222
15.675496465721062,infection,971,633,145,222
15.680281600219221,recovery,623,633,144,223
15.680781389663366,infection,264,632,145,223
15.689884366292022,recovery,869,632,144,224
15.698609176079904,infection,895,631,145,224
15.707820840564661,infection,475,630,146,224
15.712864031098205,infection,739,629,147,224
15.718012091797453,infection,39,628,148,224
15.720414474994115,recovery,282,628,147,225
15.72511051110308,recovery,481,628,146,226
15.729815775439487,recovery,971,628,145,227
15.742942322030027,recovery,982,628,144,228
15.75018464545606,infection,863,627,145,228
15.754406067110125,recovery,966,627,144,229
15.776352882193992,infection,672,626,145,229
15.795524576660576,recovery,544,626,144,230
15.800340578414435,infection,812,625,145,230
15.808449483509083,infection,252,624,146,230
15.810059690064707,infection,184,623,147,230
15.814828998219143,infection,964,622,148,230
15.824627623476502,recovery,917,622,147,231
15.84114509861019,infection,268,621,148,231
15.84550010752793,infection,758,620,149,231
15.864101381575264,infection,461,619,150,231
15.864930631663826,recovery,39,619,149,232
15.872051146062246,infection,149,618,150,232
15.873115283752057,recovery,434,618,149,233
15.890280460473594,recovery,873,618,148,234
15.89257529877982,infection,489,617,149,234
15.904021974778782,infection,611,616,150,234
15.916034169808036,recovery,356,616,149,235
15.916702826736724,infection,336,615,150,235
15.934091745542286,infection,155,614,151,235
15.951195726654293,recovery,811,614,150,236
15.962879118280439,infection,761,613,151,236
15.97252464471125,infection,961,612,152,236
15.975543104988434,infection,414,611,153,236
15.97661845144452,infection,762,610,154,236
15.980393269187317,infection,19,609,155,236
16.020243722809706,recovery,570,609,154,237
16.024571206595095,infection,280,608,155,237
16.031850053405858,recovery,818,608,154,238
16.034414879770736,recovery,160,608,153,239
16.034530824996835,infection,543,607,154,239
16.041758267524088,recovery,600,607,153,240
16.072582780949237,infection,693,606,154,240
16.114200472796607,recovery,545,606,153,241
16.122422374255127,recovery,300,606,152,242
16.1303944664117,infection,181,605,153,242
16.14373586699934,infection,689,604,154,242
16.146582026542838,recovery,874,604,153,243
16.151435811957324,recovery,115,604,152,244
16.165994440890483,infection,920,603,153,244
16.188695061977008,infection,943,602,154,244
16.202938710681515,infection,239,601,155,244
16.21077616504741,recovery,12,601,154,245
16.215217757134905,infection,464,600,155,245
16.22568365037903,infection,143,599,156,245
16.235274595738563,recovery,270,599,155,246
16.289071645080647,infection,884,598,156,246
16.313741887093325,infection,857,597,157,246
16.31787812324118,recovery,78,597,156,247
16.321742701690095,infection,290,596,157,247
16.336621066893308,infection,642,595,158,247
16.337640191117952,recovery,269,595,157,248
16.352558652598578,recovery,57,595,156,249
16.3661465342752,infection,140,594,157,249
16.38111631067615,recovery,596,594,156,250
16.39091248058882,infection,965,593,157,250
16.402868388527843,infection,450,592,158,250
16.4362727108865,infection,198,591,159,250
16.470032553459085,recovery,965,591,158,251
16.47100385865676,recovery,751,591,157,252
16.49222992014524,recovery,268,591,156,253
16.494582795943728,infection,583,590,157,253
16.50502112007818,recovery,379,590,156,254
16.50931875774641,recovery,494,590,155,255
16.511798228484274,infection,306,589,156,255
16.52191089888702,infection,258,588,157,255
16.53452804206678,infection,53,587,158,255
16.568418032061615,infection,822,586,159,255
16.591520708362463,infection,486,585,160,255
16.660566401763674,recovery,841,585,159,256
16.672078542229347,infection,852,584,160,256
16.686097391422635,infection,540,583,161,256
16.687654577528225,infection,499,582,162,256
16.696120529756772,recovery,272,582,161,257
16.712413239710642,recovery,800,582,160,258
16.742476381133514,recovery,860,582,159,259
16.75054748072132,infection,859,581,160,259
16.764951204072542,infection,644,580,161,259
16.76995034645281,recovery,254,580,160,260
16.783587359106978,recovery,336,580,159,261
16.790365251248783,recovery,782,580,158,262
16.79125933133838,infection,368,579,159,262
16.810931896551235,infection,249,578,160,262
16.817126533441538,infection,77,577,161,262
16.819451754332754,infection,637,576,162,262
16.821792039360265,infection,696,575,163,262
16.82436282076378,infection,680,574,164,262
16.880404761991816,infection,349,573,165,262
16.907328446904017,recovery,428,573,164,263
16.95011533261008,recovery,225,573,163,264
16.95823626400659,infection,157,572,164,264
16.975235863667475,recovery,320,572,163,265
16.982612003768853,infection,279,571,164,265
16.99514184466089,recovery,627,571,163,266
17.020985567341175,infection,238,570,164,266
17.045827506796325,infection,82,569,165,266
17.050440276188084,recovery,433,569,164,267
17.124736421697534,recovery,157,569,163,268
17.130130123656,recovery,109,569,162,269
17.151213701294477,infection,460,568,163,269
17.153030146076553,infection,670,567,164,269
17.15394760085111,recovery,235,567,163,270
17.164617036691926,recovery,60,567,162,271
17.165234278729613,infection,448,566,163,271
17.17473560737719,infection,911,565,164,271
17.203924595270294,recovery,688,565,163,272
17.209317031201927,infection,763,564,164,272
17.214720495183396,recovery,952,564,163,273
17.21852824804084,recovery,680,564,162,274
17.228355472716164,recovery,693,564,161,275
17.233033013259163,recovery,95,564,160,276
17.25385651840425,infection,361,563,161,276
17.272286920117175,infection,524,562,162,276
17.292953313867233,infection,71,561,163,276
17.302481971686156,infection,112,560,164,276
17.305065384451034,recovery,264,560,163,277
17.305086460516275,recovery,950,560,162,278
17.311473586123473,recovery,702,560,161,279
17.3169189870536,infection,352,559,162,279
17.336196895290705,infection,405,558,163,279
17.369881566516536,infection,209,557,164,279
17.375603893145353,recovery,655,557,163,280
17.382089299639144,infection,50,556,164,280
17.390025215080676,recovery,895,556,163,281
17.403810513845627,recovery,805,556,162,282
17.414999377454,infection,152,555,163,282
17.41846480367544,recovery,61,555,162,283
17.437938493941903,infection,537,554,163,283
17.4545083398698,recovery,365,554,162,284
17.465790792007958,infection,427,553,163,284
17.474946527979153,recovery,825,553,162,285
17.487200925906627,infection,456,552,163,285
17.50761185028116,recovery,238,552,162,286
17.54239571006835,infection,932,551,163,286
17.55032495200965,infection,15,550,164,286
17.55348934860578,infection,425,549,165,286
17.55720885721377,infection,872,548,166,286
17.56323219077784,infection,703,547,167,286
17.57123107093486,recovery,218,547,166,287
17.57652883360295,infection,936,546,167,287
17.596258490737963,infection,411,545,168,287
17.598799129200316,recovery,223,545,167,288
17.61643738430488,infection,281,544,168,288
17.6378543861198,recovery,642,544,167,289
17.647876033697152,recovery,289,544,166,290
17.64969441266931,recovery,464,544,165,291
17.67117910973436,recovery,140,544,164,292
17.68816910306232,recovery,53,544,163,293
17.700934240879906,infection,981,543,164,293
17.704473353944984,recovery,271,543,163,294
17.715284621199213,recovery,670,543,162,295
17.73976115032944,infection,887,542,163,295
17.740989558783806,recovery,15,542,162,296
17.74440238120087,recovery,199,542,161,297
17.759666030032655,infection,528,541,162,297
17.763148305884293,infection,536,540,163,297
17.767868913708508,infection,70,539,164,297
17.7688997668193,infection,440,538,165,297
17.788956570794493,recovery,708,538,164,298
17.82430575046822,infection,652,537,165,298
17.86889150737794,recovery,955,537,164,299
17.8857927555581,recovery,229,537,163,300
17.894752966230463,infection,462,536,164,300
17.901825093928665,infection,665,535,165,300
17.92093834103531,recovery,482,535,164,301
17.93378773480581,recovery,703,535,163,302
17.93606225686481,infection,659,534,164,302
17.962155770675782,recovery,924,534,163,303
17.96320727038843,recovery,641,534,162,304
17.96579069549732,recovery,25,534,161,305
17.992293159878127,infection,422,533,162,305
17.996942069478216,infection,819,532,163,305
18.00835699995789,infection,629,531,164,305
18.013269871513252,infection,183,530,165,305
18.013382634588826,infection,103,529,166,305
18.02317082235457,infection,313,528,167,305
18.02776152095748,recovery,26,528,166,306
18.02807510881563,recovery,537,528,165,307
18.030106867834018,infection,892,527,166,307
18.037506770094367,recovery,668,527,165,308
18.04722512403779,recovery,62,527,164,309
18.053289505122773,recovery,594,527,163,310
18.060496898186575,infection,72,526,164,310
18.061544549929586,infection,192,525,165,310
18.07260210792661,recovery,561,525,164,311
18.080953442062572,recovery,489,525,163,312
18.085566041709576,recovery,611,525,162,313
18.08763313254552,infection,713,524,163,313
18.09124613907408,recovery,696,524,162,314
18.13346685173516,infection,373,523,163,314
18.146035541530072,recovery,819,523,162,315
18.14643013786021,infection,967,522,163,315
18.217805629309783,infection,240,521,164,315
18.247992473545494,infection,42,520,165,315
18.252756304540135,infection,430,519,166,315
18.25515021447076,recovery,181,519,165,316
18.263443532090285,recovery,334,519,164,317
18.268485382122567,recovery,373,519,163,318
18.29262782236462,infection,910,518,164,318
18.29850066993426,recovery,74,518,163,319
18.35836937113007,recovery,757,518,162,320
18.380033926764973,infection,734,517,163,320
18.38372424030068,recovery,948,517,162,321
18.400247591116653,recovery,863,517,161,322
18.41152249372269,infection,502,516,162,322
18.41467088958617,recovery,71,516,161,323
18.419311473973526,infection,701,515,162,323
18.444177511250896,recovery,414,515,161,324
18.457184223313337,recovery,859,515,160,325
18.46657908465547,infection,862,514,161,325
18.46868763662673,infection,898,513,162,325
18.47696670668785,recovery,466,513,161,326
18.485849762627783,infection,326,512,162,326
18.498060194398906,recovery,536,512,161,327
18.507404205529507,infection,377,511,162,327
18.523785745333363,infection,382,510,163,327
18.53785147904128,recovery,313,510,162,328
18.569380555165182,recovery,540,510,161,329
18.57719617578543,infection,520,509,162,329
18.58191644890536,recovery,543,509,161,330
18.628463208372935,recovery,427,509,160,331
18.629238199292093,infection,759,508,161,331
18.629251496550243,recovery,240,508,160,332
18.63012860927356,infection,387,507,161,332
18.638889884875912,infection,189,506,162,332
18.657104057312374,infection,432,505,163,332
18.673708956506296,infection,832,504,164,332
18.676035975177392,infection,362,503,165,332
18.69212050491205,recovery,405,503,164,333
18.702165945510565,recovery,475,503,163,334
18.71877247866656,infection,845,502,164,334
18.720898096432286,infection,802,501,165,334
18.724046043207515,infection,893,500,166,334
18.74043115120391,infection,554,499,167,334
18.7698867417336,infection,435,498,168,334
18.789960252769113,infection,549,497,169,334
18.790708448570516,recovery,541,497,168,335
18.793695637141163,infection,906,496,169,335
18.808935665604665,infection,423,495,170,335
18.824056123853723,recovery,131,495,169,336
18.835760343263345,infection,447,494,170,336
18.84000742232475,recovery,6,494,169,337
18.851292917971655,infection,960,493,170,337
18.866859379048027,infection,926,492,171,337
18.875060009930067,recovery,19,492,170,338
18.876381150056734,infection,650,491,171,338
18.878403473339535,infection,584,490,172,338
18.890347951226964,recovery,484,490,171,339
18.898420605974614,recovery,499,490,170,340
18.899779256516815,infection,395,489,171,340
18.89995685123821,recovery,491,489,170,341
18.90147081366428,recovery,887,489,169,342
18.922917185464712,recovery,287,489,168,343
18.923423366975033,infection,591,488,169,343
18.94708201755542,recovery,675,488,168,344
18.968235166328192,recovery,892,488,167,345
18.986784265542713,infection,522,487,168,345
18.98751016508204,recovery,663,487,167,346
18.998328479775523,infection,662,486,168,346
19.018359084194064,infection,226,485,169,346
19.06733866476095,infection,323,484,170,346
19.103681426712196,infection,255,483,171,346
19.110437578990453,infection,913,482,172,346
19.133648959873216,infection,7,481,173,346
19.142679505387118,infection,469,480,174,346
19.143247091465984,recovery,17,480,173,347
19.153713852517363,infection,667,479,174,347
19.180933564844675,infection,162,478,175,347
19.187627350068404,infection,922,477,176,347
19.191127765647565,infection,194,476,177,347
19.19266199007811,recovery,362,476,176,348
19.19282876065408,infection,230,475,177,348
19.201194081391062,infection,951,474,178,348
19.205453972914388,infection,216,473,179,348
19.220140602150522,infection,426,472,180,348
19.226022625923516,infection,915,471,181,348
19.23945412729182,recovery,802,471,180,349
19.25974690330684,infection,273,470,181,349
19.26023010439699,infection,284,469,182,349
19.261021322181406,infection,939,468,183,349
19.263626801488165,recovery,327,468,182,350
19.27231538919343,infection,247,467,183,350
19.28174006954854,infection,853,466,184,350
19.294938383997295,recovery,196,466,183,351
19.335858653322916,infection,977,465,184,351
19.345881699867654,recovery,72,465,183,352
19.355076599890243,infection,660,464,184,352
19.366051337547844,recovery,133,464,183,353
19.3689761571163,infection,923,463,184,353
19.370041853951754,recovery,323,463,183,354
19.384065389545977,recovery,152,463,182,355
19.385107956039775,recovery,7,463,181,356
19.386061430046,recovery,273,463,180,357
19.38880759698047,infection,613,462,181,357
19.41443938116818,infection,795,461,182,357
19.43389294939559,infection,490,460,183,357
19.44341876251409,recovery,665,460,182,358
19.47112380936687,infection,940,459,183,358
19.47933998052493,recovery,923,459,182,359
19.493695326746096,infection,649,458,183,359
19.495035862390655,recovery,361,458,182,360
19.507696698075442,recovery,213,458,181,361
19.51851625381168,recovery,460,458,180,362
19.532160365406316,recovery,425,458,179,363
19.533572972943723,recovery,450,458,178,364
19.550148719066225,infection,972,457,179,364
19.571984882068122,infection,144,456,180,364
19.578909488110217,recovery,739,456,179,365
19.583823304448288,recovery,762,456,178,366
19.587494572000224,recovery,781,456,177,367
19.59645222607145,infection,807,455,178,367
19.605088468186953,infection,212,454,179,367
19.63909166760791,infection,564,453,180,367
19.654309381190114,recovery,442,453,179,368
19.666934246387346,infection,602,452,180,368
19.669757013745194,recovery,285,452,179,369
19.671736962815597,recovery,689,452,178,370
19.67946054564902,recovery,112,452,177,371
19.690642338914323,recovery,853,452,176,372
19.6929771006336,recovery,840,452,175,373
19.709221326535594,recovery,216,452,174,374
19.711507820538767,recovery,522,452,173,375
19.71308707815027,infection,538,451,174,375
19.718856256434197,recovery,279,451,173,376
19.73555062853035,infection,16,450,174,376
19.75421036672342,recovery,602,450,173,377
19.775696460809634,infection,817,449,174,377
19.807996971905656,infection,353,448,175,377
19.848314577448754,recovery,440,448,174,378
19.853889212655094,recovery,911,448,173,379
19.86519591420547,infection,552,447,174,379
19.895148833438864,infection,731,446,175,379
19.89918123368223,infection,211,445,176,379
19.908495377736223,recovery,936,445,175,380
19.950000369178603,recovery,132,445,174,381
19.962803233160837,recovery,735,445,173,382
19.963631487293217,recovery,862,445,172,383
19.9641488632737,recovery,189,445,171,384
19.98468678487594,recovery,649,445,170,385
19.9866428073093,recovery,42,445,169,386
20.03158898741158,infection,738,444,170,386
20.031657774000426,infection,145,443,171,386
20.050751976167735,infection,363,442,172,386
20.066706794747972,infection,551,441,173,386
20.067547121714444,recovery,591,441,172,387
20.070964364715188,infection,958,440,173,387
20.08737241728979,recovery,194,440,172,388
20.09282232608334,recovery,552,440,171,389
20.10704701313478,infection,729,439,172,389
20.118783818024816,infection,806,438,173,389
20.125654289396028,recovery,349,438,172,390
20.144862357348234,infection,227,437,173,390
20.145981103352135,recovery,363,437,172,391
20.151402746670477,recovery,943,437,171,392
20.17822751847869,recovery,845,437,170,393
20.197256654898126,infection,518,436,171,393
20.2237702325345,infection,85,435,172,393
20.22771180723229,infection,619,434,173,393
20.233064831583526,recovery,192,434,172,394
20.257036177627615,infection,166,433,173,394
20.26287379833054,recovery,230,433,172,395
20.295390124168485,recovery,821,433,171,396
20.308820588418964,recovery,395,433,170,397
20.32014277033787,recovery,628,433,169,398
20.320245023008667,recovery,518,433,168,399
20.369629857853123,recovery,291,433,167,400
20.398973082297896,recovery,91,433,166,401
20.409279507643575,infection,299,432,167,401
20.44877954940081,recovery,972,432,166,402
20.449470888171767,recovery,198,432,165,403
20.452614751716908,infection,826,431,166,403
20.4726229724528,infection,14,430,167,403
20.502465578825667,infection,792,429,168,403
20.54324350235797,infection,608,428,169,403
20.5487824061244,recovery,747,428,168,404
20.557754997749004,recovery,619,428,167,405
20.58642765770669,infection,492,427,168,405
20.6159402994799,infection,677,426,169,405
20.62533715620796,infection,823,425,170,405
20.629877561269545,recovery,96,425,169,406
20.63352940122429,infection,106,424,170,406
20.65832480494811,infection,912,423,171,406
20.686363754961288,infection,740,422,172,406
20.688048979644165,infection,170,421,173,406
20.700196664406267,infection,963,420,174,406
20.711564603740385,recovery,390,420,173,407
20.72022648099599,infection,838,419,174,407
20.739182878699925,recovery,224,419,173,408
20.75411137829246,recovery,910,419,172,409
20.762684543243655,infection,381,418,173,409
20.805891078969708,recovery,882,418,172,410
20.8212744093841,infection,483,417,173,410
20.82368543848657,infection,219,416,174,410
20.831598349363553,recovery,284,416,173,411
20.846219668307345,recovery,646,416,172,412
20.857783100624353,recovery,488,416,171,413
20.86526758915525,infection,372,415,172,413
20.86936266604868,recovery,584,415,171,414
20.874062090073952,recovery,608,415,170,415
20.87679300102944,infection,523,414,171,415
20.907589053949785,recovery,16,414,170,416
20.922098800475542,infection,691,413,171,416
20.92536825551228,infection,451,412,172,416
20.93280122041275,recovery,486,412,171,417
20.94949526221385,recovery,629,412,170,418
21.0029971761341,infection,185,411,171,418
21.015506333631855,recovery,637,411,170,419
21.022500939451955,recovery,382,411,169,420
21.031211070272036,infection,842,410,170,420
21.051822288341818,recovery,981,410,169,421
21.083448518876363,infection,728,409,170,421
21.11299326376125,infection,699,408,171,421
21.11912112885185,recovery,368,408,170,422
21.12773967839945,recovery,915,408,169,423
21.14526080548209,infection,742,407,170,423
21.161117333584325,infection,444,406,171,423
21.16189813626158,infection,201,405,172,423
21.169517658578023,infection,250,404,173,423
21.19357774256404,recovery,872,404,172,424
21.194479701444823,infection,755,403,173,424
21.211545590227825,infection,871,402,174,424
21.21428476271431,infection,654,401,175,424
21.22139471370228,recovery,662,401,174,425
21.226374816568413,infection,102,400,175,425
21.228754113386067,recovery,812,400,174,426
21.236472511245832,infection,87,399,175,426
21.267776927468717,recovery,847,399,174,427
21.280763530056873,recovery,462,399,173,428
21.282911231535092,recovery,255,399,172,429
21.28294052659381,infection,452,398,173,429
21.286736158975064,recovery,426,398,172,430
21.29020426183685,recovery,387,398,171,431
21.30516012336193,infection,712,397,172,431
21.373530979343176,infection,988,396,173,431
21.385066991743795,recovery,528,396,172,432
21.390376807841946,infection,918,395,173,432
21.40267033854583,recovery,77,395,172,433
21.409963360371858,recovery,958,395,171,434
21.43774152211168,infection,658,394,172,434
21.438167270716168,recovery,832,394,171,435
21.44755262052615,infection,315,393,172,435
21.45915784516468,infection,831,392,173,435
21.463414855695337,infection,683,391,174,435
21.46811713943075,recovery,102,391,173,436
21.48156588932961,recovery,644,391,172,437
21.499697444336032,infection,311,390,173,437
21.50421481895753,recovery,247,390,172,438
21.54141668850554,recovery,857,390,171,439
21.569587989269344,infection,421,389,172,439
21.576900094353327,recovery,742,389,171,440
21.578810254823335,recovery,806,389,170,441
21.58621929625197,recovery,728,389,169,442
21.59880213093693,recovery,469,389,168,443
21.60388172276463,infection,710,388,169,443
21.607490245990377,infection,439,387,170,443
21.63196698024646,recovery,184,387,169,444
21.647671464547013,infection,261,386,170,444
21.66130025643906,recovery,822,386,169,445
21.665753013191903,recovery,162,386,168,446
21.696926159624372,recovery,311,386,167,447
21.731342780892017,recovery,116,386,166,448
21.73996564015236,infection,690,385,167,448
21.75818528119259,recovery,807,385,166,449
21.76110881364313,infection,674,384,167,449
21.789121314343944,infection,771,383,168,449
21.811190824720164,recovery,14,383,167,450
21.844331957806496,recovery,551,383,166,451
21.8474955420645,recovery,674,383,165,452
21.85126400949937,recovery,372,383,164,453
21.87293337505381,infection,308,382,165,453
21.873881432790498,recovery,338,382,164,454
21.88752408209923,infection,766,381,165,454
21.90193689438665,infection,188,380,166,454
21.90946905061588,recovery,690,380,165,455
21.91610960526572,recovery,926,380,164,456
21.918265308187806,recovery,324,380,163,457
21.919112915618193,infection,848,379,164,457
21.923579754902086,recovery,166,379,163,458
21.92458710939328,infection,200,378,164,458
21.92664292423416,recovery,654,378,163,459
21.947028474895745,recovery,249,378,162,460
21.948344596546388,recovery,583,378,161,461
21.94919577143027,recovery,763,378,160,462
21.951754563783215,recovery,448,378,159,463
21.972575150591577,recovery,683,378,158,464
21.973732211434868,recovery,913,378,157,465
21.975424043505292,recovery,148,378,156,466
21.99567531530594,recovery,816,378,155,467
22.00861954146936,recovery,740,378,154,468
22.016689608812868,recovery,409,378,153,469
22.018520647339844,recovery,261,378,152,470
22.030614532910576,recovery,144,378,151,471
22.036939128299746,infection,138,377,152,471
22.044449764846267,infection,476,376,153,471
22.079486605791146,infection,555,375,154,471
22.0795044299509,recovery,252,375,153,472
22.099680956244054,recovery,962,375,152,473
22.10619166013698,infection,974,374,153,473
22.110961934012455,recovery,734,374,152,474
22.125732406765245,infection,778,373,153,474
22.13168904953156,infection,23,372,154,474
22.142725960325887,recovery,174,372,153,475
22.157676875201386,recovery,170,372,152,476
22.16148106848326,infection,532,371,153,476
22.17824628980972,recovery,842,371,152,477
22.186134773565083,infection,231,370,153,477
22.188626954165493,recovery,239,370,152,478
22.192178045237398,infection,346,369,153,478
22.193637278467374,recovery,673,369,152,479
22.216160534455554,recovery,227,369,151,480
22.226585391844704,recovery,73,369,150,481
22.232881023532507,infection,344,368,151,481
22.242402014647524,recovery,106,368,150,482
22.265297656224494,infection,885,367,151,482
22.268595597633738,recovery,452,367,150,483
22.282445095686178,recovery,306,367,149,484
22.28629836954856,infection,846,366,150,484
22.32797366298473,recovery,778,366,149,485
22.35851415324677,recovery,564,366,148,486
22.367209742750262,infection,986,365,149,486
22.372295159978734,infection,246,364,150,486
22.37388062007963,infection,65,363,151,486
22.379420037010995,infection,493,362,152,486
22.38787457780691,recovery,149,362,151,487
22.459105512839717,recovery,738,362,150,488
22.46143405392338,infection,416,361,151,488
22.471140942822547,infection,726,360,152,488
22.49695442740593,recovery,476,360,151,489
22.49920149322706,infection,779,359,152,489
22.523697381902274,infection,517,358,153,489
22.53253935735483,infection,420,357,154,489
22.540283633086236,infection,301,356,155,489
22.560944443984827,recovery,932,356,154,490
22.590352116891168,recovery,143,356,153,491
22.593064988997604,recovery,430,356,152,492
22.6160816369992,infection,535,355,153,492
22.620653054441792,recovery,626,355,152,493
22.622657849060356,recovery,490,355,151,494
22.627504789694484,infection,801,354,152,494
22.648803049429976,infection,333,353,153,494
22.65055073838821,recovery,377,353,152,495
22.65834735430182,infection,595,352,153,495
22.671009658214494,infection,37,351,154,495
22.674030428890177,infection,635,350,155,495
22.67799140617252,recovery,524,350,154,496
22.709549859701237,recovery,938,350,153,497
22.713584829630296,infection,38,349,154,497
22.7407916497061,recovery,103,349,153,498
22.742531666873845,infection,717,348,154,498
22.756893625589566,infection,694,347,155,498
22.76150730489502,infection,789,346,156,498
22.772977484159348,recovery,520,346,155,499
22.77887861907493,recovery,145,346,154,500
22.780963082043293,recovery,421,346,153,501
22.813154306767174,recovery,23,346,152,502
22.822267093278466,recovery,988,346,151,503
22.836830161066548,recovery,894,346,150,504
22.85807132196649,infection,328,345,151,504
22.86123917576166,recovery,138,345,150,505
22.866850167081274,recovery,960,345,149,506
22.92590780810755,infection,391,344,150,506
22.948393678633675,recovery,391,344,149,507
22.950373156390334,recovery,595,344,148,508
22.993883909633787,recovery,492,344,147,509
22.99663967005046,recovery,411,344,146,510
23.000882824809807,recovery,50,344,145,511
23.006492924544432,infection,931,343,146,511
23.036951926924832,recovery,70,343,145,512
23.054717248939735,recovery,798,343,144,513
23.061729113932483,infection,754,342,145,513
23.085360471560154,recovery,667,342,144,514
23.1112423989343,infection,56,341,145,514
23.124587115535686,infection,168,340,146,514
23.131323787940342,recovery,65,340,145,515
23.13201817028798,recovery,226,340,144,516
23.138187393948336,infection,319,339,145,516
23.170730244556104,recovery,922,339,144,517
23.182838474312895,recovery,893,339,143,518
23.18824026440539,recovery,918,339,142,519
23.233579416909027,infection,904,338,143,519
23.280414710914254,recovery,712,338,142,520
23.311411457334437,recovery,906,338,141,521
23.320270917187493,recovery,769,338,140,522
23.34408875812172,recovery,779,338,139,523
23.35196296214162,recovery,221,338,138,524
23.36352062683245,recovery,990,338,137,525
23.41470647489502,recovery,588,338,136,526
23.42930497364554,recovery,710,338,135,527
23.429336620413437,infection,851,337,136,527
23.432321888862393,recovery,535,337,135,528
23.445093541502615,infection,933,336,136,528
23.445607647268563,recovery,258,336,135,529
23.486750520873805,infection,151,335,136,529
23.51160579945341,infection,565,334,137,529
23.532359215036255,recovery,168,334,136,530
23.544100192297417,recovery,755,334,135,531
23.558105715669125,recovery,435,334,134,532
23.5616165518057,infection,866,333,135,532
23.564613143335215,recovery,823,333,134,533
23.57053758406501,recovery,56,333,133,534
23.584039006058386,infection,827,332,134,534
23.59664033465463,infection,234,331,135,534
23.614631784795783,infection,575,330,136,534
23.648713194517597,infection,471,329,137,534
23.656000629278008,recovery,308,329,136,535
23.663860397765532,infection,791,328,137,535
23.66620716771322,infection,108,327,138,535
23.673443577299597,recovery,635,327,137,536
23.68266523829155,recovery,333,327,136,537
23.74170683356736,infection,408,326,137,537
23.743058768769025,recovery,502,326,136,538
23.758369044896433,recovery,659,326,135,539
23.784670624925752,infection,722,325,136,539
23.800341897601495,recovery,791,325,135,540
23.883404533545967,infection,849,324,136,540
23.89342843662618,recovery,422,324,135,541
23.909297817366674,recovery,573,324,134,542
23.92525296561038,infection,32,323,135,542
23.942132629908883,infection,896,322,136,542
23.97666784857368,infection,718,321,137,542
23.98471250925777,infection,161,320,138,542
23.987840895522623,infection,830,319,139,542
24.07869591829223,recovery,219,319,138,543
24.10082848330205,recovery,758,319,137,544
24.102768441473142,recovery,315,319,136,545
24.109111881704756,infection,512,318,137,545
24.13829612199064,infection,59,317,138,545
24.152332456839705,recovery,480,317,137,546
24.15281811255152,recovery,701,317,136,547
24.177684013097572,infection,914,316,137,547
24.193365943597808,recovery,986,316,136,548
24.194336693498727,recovery,161,316,135,549
24.232304837924822,infection,572,315,136,549
24.259624989177325,infection,413,314,137,549
24.267948135269084,recovery,713,314,136,550
24.282689738219954,recovery,830,314,135,551
24.316435128106054,recovery,726,314,134,552
24.323311785937303,infection,260,313,135,552
24.330252698841115,recovery,866,313,134,553
24.37644742656409,recovery,691,313,133,554
24.388283222141276,recovery,951,313,132,555
24.404481579290753,recovery,260,313,131,556
24.405325468192554,infection,760,312,132,556
24.422963468080436,infection,330,311,133,556
24.42551374738996,recovery,554,311,132,557
24.430341221960365,recovery,904,311,131,558
24.443034345681923,infection,123,310,132,558
24.459762756923777,infection,695,309,133,558
24.47569073771968,infection,3,308,134,558
24.4767388533201,infection,724,307,135,558
24.487858256090213,recovery,299,307,134,559
24.495990518836763,recovery,212,307,133,560
24.5605694641714,recovery,32,307,132,561
24.562373096210653,infection,777,306,133,561
24.591252353613523,infection,978,305,134,561
24.612818243525467,recovery,884,305,133,562
24.62590956007655,recovery,731,305,132,563
24.63828879011881,recovery,585,305,131,564
24.64414111766011,recovery,775,305,130,565
24.645122481070658,recovery,87,305,129,566
24.654799378068645,infection,359,304,130,566
24.655378142846555,infection,215,303,131,566
24.68231035182053,recovery,974,303,130,567
24.696777925630915,recovery,777,303,129,568
24.735971769090256,recovery,280,303,128,569
24.742647304139293,recovery,416,303,127,570
24.75492141997967,infection,835,302,128,570
24.75635336730921,recovery,465,302,127,571
24.79127982159565,recovery,572,302,126,572
24.823184347692486,recovery,471,302,125,573
24.832590004700265,infection,463,301,126,573
24.872397076267273,recovery,699,301,125,574
24.920109078277598,infection,764,300,126,574
24.92428349381038,recovery,38,300,125,575
24.930443824086556,infection,889,299,126,575
24.94473164950698,recovery,191,299,125,576
24.961101607222904,recovery,848,299,124,577
24.96653438907412,recovery,795,299,123,578
25.015168765391177,recovery,523,299,122,579
25.01689426179733,recovery,846,299,121,580
25.02466863186603,recovery,231,299,120,581
25.033864244683713,recovery,964,299,119,582
25.058217849986463,infection,190,298,120,582
25.061833145696134,recovery,789,298,119,583
25.109158321265152,recovery,607,298,118,584
25.112694610213264,infection,473,297,119,584
25.129585008393914,recovery,939,297,118,585
25.13671867512771,recovery,413,297,117,586
25.15542105836929,recovery,555,297,116,587
25.1596322906648,recovery,801,297,115,588
25.16186261107493,recovery,328,297,114,589
25.20291180496186,recovery,381,297,113,590
25.217172737106686,infection,253,296,114,590
25.23686514317769,recovery,961,296,113,591
25.2547359974511,infection,195,295,114,591
25.26974301606024,infection,864,294,115,591
25.292516805615122,recovery,566,294,114,592
25.386848117449823,infection,495,293,115,592
25.458520478801088,infection,36,292,116,592
25.480182272821022,recovery,463,292,115,593
25.489910343301005,recovery,36,292,114,594
25.495178535516704,recovery,963,292,113,595
25.496029342967674,infection,27,291,114,595
25.510864863752314,infection,865,290,115,595
25.525616788994185,recovery,831,290,114,596
25.526827011312385,recovery,692,290,113,597
25.567731582232266,infection,485,289,114,597
25.624755399264245,recovery,234,289,113,598
25.729272154638043,recovery,898,289,112,599
25.7441225144125,infection,111,288,113,599
25.75213430292791,infection,351,287,114,599
25.771858403665014,recovery,672,287,113,600
25.79400942296595,recovery,538,287,112,601
25.800547109225757,recovery,27,287,111,602
25.808957083541227,infection,263,286,112,602
25.850236144434728,recovery,761,286,111,603
25.851730400315333,recovery,37,286,110,604
25.893503755425787,recovery,82,286,109,605
25.898975986818627,recovery,766,286,108,606
25.93278218395837,infection,34,285,109,606
25.948826058562187,recovery,352,285,108,607
25.96952064449773,recovery,483,285,107,608
25.972462286188872,recovery,246,285,106,609
25.994146898395613,infection,20,284,107,609
25.99912932475509,infection,820,283,108,609
26.00348836191577,infection,643,282,109,609
26.01289156638706,recovery,729,282,108,610
26.02614725496764,infection,799,281,109,610
26.0455432141261,recovery,920,281,108,611
26.05079354456699,recovery,695,281,107,612
26.087631534625434,recovery,967,281,106,613
26.125991904151675,recovery,826,281,105,614
26.14757599874735,recovery,346,281,104,615
26.18083441089168,infection,507,280,105,615
26.182998221607907,recovery,827,280,104,616
26.278034209128293,recovery,151,280,103,617
26.287404828043037,recovery,85,280,102,618
26.316611578407205,recovery,645,280,101,619
26.32728441402261,recovery,912,280,100,620
26.36189522603514,recovery,820,280,99,621
26.36873591617386,recovery,183,280,98,622
26.379431324422328,infection,367,279,99,622
26.379804882154716,infection,470,278,100,622
26.38662798794229,infection,880,277,101,622
26.401659956174374,recovery,871,277,100,623
26.45273510540705,recovery,97,277,99,624
26.50006042095518,infection,159,276,100,624
26.509780325732184,recovery,470,276,99,625
26.51124195239827,recovery,439,276,98,626
26.520025710314666,recovery,190,276,97,627
26.545331234527186,infection,412,275,98,627
26.627871313291095,recovery,724,275,97,628
26.648170214449348,recovery,565,275,96,629
26.6505486542354,recovery,792,275,95,630
26.656507588114792,infection,574,274,96,630
26.665703854245123,infection,117,273,97,630
26.877236461036844,recovery,880,273,96,631
26.908752023950186,recovery,367,273,95,632
26.928724845259914,recovery,351,273,94,633
26.955058077772318,infection,503,272,95,633
27.07707842291699,recovery,209,272,94,634
27.07757592372498,recovery,3,272,93,635
27.07836431111729,infection,276,271,94,635
27.088874613445235,infection,165,270,95,635
27.090147327221633,recovery,517,270,94,636
27.103601330549232,recovery,59,270,93,637
27.144249982323515,recovery,353,270,92,638
27.229827213642672,recovery,652,270,91,639
27.314104189801746,recovery,108,270,90,640
27.327732444724322,infection,118,269,91,640
27.357402239407385,recovery,242,269,90,641
27.407228043713467,infection,870,268,91,641
27.45935622441552,recovery,643,268,90,642
27.508430166266148,recovery,838,268,89,643
27.54991499322642,recovery,718,268,88,644
27.562051080684114,recovery,118,268,87,645
27.5655048723481,recovery,851,268,86,646
27.599972254941687,recovery,764,268,85,647
27.645071570518592,infection,553,267,86,647
27.649005363907275,infection,768,266,87,647
27.64992979910309,recovery,656,266,86,648
27.79938090699337,infection,634,265,87,648
27.867993975645824,infection,765,264,88,648
27.938711931240807,recovery,650,264,87,649
27.982231906974683,recovery,420,264,86,650
28.041977656686655,recovery,885,264,85,651
28.044992203749167,recovery,253,264,84,652
28.134969234546386,infection,366,263,85,652
28.2289294367791,recovery,319,263,84,653
28.2391570731251,infection,374,262,85,653
28.295947693922084,recovery,575,262,84,654
28.37817046484898,recovery,503,262,83,655
28.42114310476803,infection,337,261,84,655
28.43461113724586,infection,128,260,85,655
28.448753141807913,infection,753,259,86,655
28.502122692044594,recovery,773,259,85,656
28.525453861445726,infection,41,258,86,656
28.600705503455895,recovery,612,258,85,657
28.625776446007997,infection,772,257,86,657
28.630134796621572,infection,891,256,87,657
28.638388702210385,recovery,263,256,86,658
28.647513347724185,recovery,432,256,85,659
28.684828963454457,infection,563,255,86,659
28.688848946868116,recovery,532,255,85,660
28.705735647967384,recovery,717,255,84,661
28.715074678957848,recovery,931,255,83,662
28.727120084354866,recovery,215,255,82,663
28.75268434708632,recovery,889,255,81,664
28.777579898377535,infection,104,254,82,664
28.804984272017894,recovery,188,254,81,665
28.84205769537799,recovery,451,254,80,666
28.848016191931375,infection,580,253,81,666
28.958939610097048,recovery,123,253,80,667
28.962733239535137,infection,557,252,81,667
28.9795893278993,recovery,326,252,80,668
29.01475049473814,recovery,589,252,79,669
29.031377341546598,recovery,159,252,78,670
29.058311233765387,infection,732,251,79,670
29.10217370148606,recovery,128,251,78,671
29.123558412268036,recovery,344,251,77,672
29.1445442902309,recovery,817,251,76,673
29.3517422092907,recovery,771,251,75,674
29.395179307716347,infection,256,250,76,674
29.407940843104758,recovery,290,250,75,675
29.430082744236525,infection,236,249,76,675
29.439638409106614,recovery,634,249,75,676
29.519707334094665,recovery,200,249,74,677
29.601344240523584,infection,829,248,75,677
29.637723789353707,infection,921,247,76,677
29.657482082542927,recovery,891,247,75,678
29.708392140732315,recovery,408,247,74,679
29.756345998123656,recovery,896,247,73,680
29.75837153685643,recovery,276,247,72,681
29.807708616765144,infection,705,246,73,681
29.87034263836996,recovery,677,246,72,682
29.97341739337836,recovery,447,246,71,683
29.97787050301553,infection,154,245,72,683
30.10146834844109,recovery,195,245,71,684
30.13273758031775,infection,241,244,72,684
30.14894083021532,recovery,461,244,71,685
30.178132297882996,recovery,449,244,70,686
30.203674663032512,recovery,34,244,69,687
30.21329125239257,recovery,978,244,68,688
30.262779323239133,infection,606,243,69,688
30.29404810088868,recovery,870,243,68,689
30.330186991372514,recovery,759,243,67,690
30.366371234844266,infection,839,242,68,690
30.377330339408683,recovery,256,242,67,691
30.55764962629394,recovery,250,242,66,692
30.60045384723627,recovery,574,242,65,693
30.609191335308193,recovery,495,242,64,694
30.6155661960304,infection,531,241,65,694
30.661690182194214,recovery,201,241,64,695
30.667840369491188,infection,8,240,65,695
30.687375758493374,infection,744,239,66,695
30.71117006132582,infection,533,238,67,695
30.810624146965942,recovery,849,238,66,696
30.841388830358845,recovery,423,238,65,697
30.844535878615243,recovery,865,238,64,698
30.893698907165522,infection,120,237,65,698
30.96748328626275,recovery,374,237,64,699
30.980909067682607,recovery,110,237,63,700
31.057526528214595,infection,905,236,64,700
31.103607706249797,recovery,933,236,63,701
31.131781233060536,recovery,553,236,62,702
31.277068011205714,recovery,493,236,61,703
31.444849447440667,recovery,485,236,60,704
31.52178085590053,recovery,456,236,59,705
31.574238488392158,infection,341,235,60,705
31.58307446020952,recovery,753,235,59,706
31.66443557204339,infection,571,234,60,706
31.669397439914043,recovery,165,234,59,707
31.744364602270092,recovery,760,234,58,708
31.804060548879107,infection,402,233,59,708
31.819989246241516,infection,959,232,60,708
31.95832814088245,infection,376,231,61,708
31.978396792587922,infection,286,230,62,708
32.02002274850433,recovery,562,230,61,709
32.14779966768778,infection,736,229,62,709
32.16040691970299,infection,752,228,63,709
32.179795451330335,recovery,772,228,62,710
32.24619588207823,recovery,736,228,61,711
32.264680375280996,recovery,660,228,60,712
32.29551763931689,infection,719,227,61,712
32.32962186685871,recovery,155,227,60,713
32.3977224860808,recovery,549,227,59,714
32.4640668610387,infection,657,226,60,714
32.47624599552748,infection,406,225,61,714
32.5153792702427,recovery,20,225,60,715
32.617801840855265,infection,560,224,61,715
32.70977286716199,infection,776,223,62,715
32.72663304481182,infection,615,222,63,715
32.76787841019139,infection,700,221,64,715
32.85671193932333,recovery,512,221,63,716
32.87190316070639,infection,137,220,64,716
32.919283631788055,recovery,700,220,63,717
33.03407482413647,recovery,606,220,62,718
33.055766274225775,recovery,940,220,61,719
33.078500599869244,recovery,657,220,60,720
33.09751762555069,recovery,111,220,59,721
33.09922435812441,recovery,879,220,58,722
33.135740363277414,infection,66,219,59,722
33.16049136108957,recovery,557,219,58,723
33.20535088141423,recovery,921,219,57,724
33.43962375898343,recovery,839,219,56,725
33.477195969777824,infection,767,218,57,725
33.59002542116447,recovery,211,218,56,726
33.63479963522852,recovery,185,218,55,727
33.68517822145285,infection,378,217,56,727
33.70073906039543,recovery,571,217,55,728
33.81998403059697,recovery,341,217,54,729
33.87609418701654,recovery,835,217,53,730
33.94150804584961,recovery,301,217,52,731
34.00560009806383,infection,467,216,53,731
34.03335991026172,recovery,8,216,52,732
34.07459369450982,infection,947,215,53,732
34.07566912535609,recovery,104,215,52,733
34.11952308297325,recovery,905,215,51,734
34.168726085977056,recovery,402,215,50,735
34.201089018119376,recovery,705,215,49,736
34.2330136027125,infection,393,214,50,736
34.241876166153624,infection,509,213,51,736
34.267025363018,recovery,959,213,50,737
34.28417924905347,infection,558,212,51,737
34.336624441450695,recovery,744,212,50,738
34.55632836118413,recovery,120,212,49,739
34.60805221436731,infection,902,211,50,739
34.72494497671226,recovery,393,211,49,740
34.779257376285024,recovery,117,211,48,741
35.09502549244537,recovery,694,211,47,742
35.29155618471002,recovery,281,211,46,743
35.30550661256032,recovery,467,211,45,744
35.32976070531546,recovery,359,211,44,745
35.397383138832524,recovery,241,211,43,746
35.40951920093183,recovery,732,211,42,747
35.41477810557017,recovery,137,211,41,748
35.42083174287732,infection,510,210,42,748
35.483636119233,infection,745,209,43,748
35.49581649336027,recovery,41,209,42,749
35.52914543199933,infection,400,208,43,749
35.565826951940416,recovery,752,208,42,750
35.60154568501003,recovery,337,208,41,751
35.64448282836998,recovery,406,208,40,752
35.64941596208089,infection,63,207,41,752
35.78560401967523,recovery,400,207,40,753
36.19513515228097,recovery,829,207,39,754
36.26886692869211,infection,916,206,40,754
36.39502829721823,infection,506,205,41,754
36.48925140035669,recovery,506,205,40,755
36.52539000272015,infection,455,204,41,755
36.54187010644146,infection,949,203,42,755
36.57355150204557,recovery,376,203,41,756
36.71020543352835,recovery,977,203,40,757
36.714412811021056,infection,380,202,41,757
36.781013486413066,infection,10,201,42,757
36.88496967896025,recovery,286,201,41,758
36.90975029390877,infection,453,200,42,758
36.99939671258155,recovery,745,200,41,759
37.026101123076266,recovery,154,200,40,760
37.1147754788119,infection,371,199,41,760
37.11916950574771,infection,875,198,42,760
37.131771597176225,recovery,380,198,41,761
37.16013426555116,recovery,563,198,40,762
37.16283605797772,recovery,10,198,39,763
37.251415788281285,recovery,947,198,38,764
37.27592914056395,recovery,507,198,37,765
37.30659736280462,recovery,580,198,36,766
37.442221297164586,infection,314,197,37,766
37.45642079458473,recovery,371,197,36,767
37.46992599334127,infection,968,196,37,767
37.4965687599412,infection,605,195,38,767
37.56055217718807,recovery,378,195,37,768
37.62439156176006,infection,956,194,38,768
37.727043373156434,recovery,765,194,37,769
37.77521046957496,recovery,916,194,36,770
38.02665218435115,recovery,613,194,35,771
38.065362359844606,recovery,754,194,34,772
38.080143960918335,infection,633,193,35,772
38.242124143278396,infection,205,192,36,772
38.315608557043774,recovery,968,192,35,773
38.35553851342395,infection,147,191,36,773
38.49082820636062,infection,243,190,37,773
38.52142776123725,infection,217,189,38,773
38.59137167039773,recovery,66,189,37,774
38.69044622384102,recovery,509,189,36,775
38.71994366891074,infection,770,188,37,775
38.93214907522177,recovery,455,188,36,776
39.00043593865647,recovery,243,188,35,777
39.10046697224347,recovery,560,188,34,778
39.18769790829547,infection,126,187,35,778
39.26773545838309,recovery,217,187,34,779
39.36922031281267,recovery,956,187,33,780
39.62013950993933,recovery,902,187,32,781
39.9791021802117,recovery,330,187,31,782
39.99091905373566,recovery,314,187,30,783
40.23848210280955,recovery,633,187,29,784
40.25674535068967,infection,861,186,30,784
40.3202299265639,recovery,767,186,29,785
40.464634010538504,infection,169,185,30,785
40.50151884747439,infection,58,184,31,785
40.57937545285603,recovery,205,184,30,786
40.63139607890802,infection,88,183,31,786
40.69979566648651,recovery,412,183,30,787
40.753879147960006,recovery,473,183,29,788
40.791580941094054,recovery,615,183,28,789
40.80097253280011,infection,214,182,29,789
41.070466534271254,recovery,366,182,28,790
41.1941636245453,recovery,875,182,27,791
41.21487950171518,recovery,58,182,26,792
41.341662816012025,infection,723,181,27,792
41.375510708365134,infection,228,180,28,792
41.538416931088584,recovery,214,180,27,793
41.59890918112767,recovery,236,180,26,794
41.71156900953807,recovery,723,180,25,795
41.71459806437109,infection,340,179,26,795
41.93153085165823,recovery,864,179,25,796
42.01356705056039,recovery,949,179,24,797
42.03570660427301,recovery,914,179,23,798
42.21909423614426,recovery,722,179,22,799
42.54117681927871,recovery,444,179,21,800
42.68828735086436,infection,586,178,22,800
42.75671758096473,infection,550,177,23,800
42.96051345880471,recovery,550,177,22,801
43.1737491913938,recovery,340,177,21,802
43.410603002283366,recovery,586,177,20,803
43.68013795365326,infection,980,176,21,803
43.68028991716136,infection,468,175,22,803
43.689925763190296,infection,813,174,23,803
43.74392531157108,recovery,510,174,22,804
43.81242465559302,recovery,88,174,21,805
43.81886451175546,recovery,605,174,20,806
43.9064526385367,infection,601,173,21,806
43.993132943348186,recovery,658,173,20,807
44.185545853516516,recovery,852,173,19,808
44.19898866377029,recovery,980,173,18,809
44.26674533903387,recovery,533,173,17,810
44.268695300477475,recovery,63,173,16,811
44.52160871981563,recovery,126,173,15,812
44.7339157015215,recovery,861,173,14,813
45.49454362605053,infection,44,172,15,813
45.75397340994965,recovery,147,172,14,814
45.96570101586449,recovery,776,172,13,815
46.20160861003684,infection,617,171,14,815
46.3896415461254,recovery,799,171,13,816
46.42584290619096,infection,930,170,14,816
46.632242903749024,recovery,228,170,13,817
46.80487021615367,recovery,719,170,12,818
46.925396800668665,recovery,169,170,11,819
47.02885513460358,infection,521,169,12,819
47.085146429048706,recovery,453,169,11,820
47.12613078871636,recovery,813,169,10,821
47.144137333058644,recovery,768,169,9,822
48.69966438268703,recovery,468,169,8,823
48.96339553868166,recovery,558,169,7,824
49.89418947082206,recovery,930,169,6,825
50.52935980495042,infection,90,168,7,825
50.64752190133599,recovery,44,168,6,826
50.780026091123226,infection,888,167,7,826
51.145412580324816,recovery,617,167,6,827
51.46887376972639,infection,730,166,7,827
51.60342769121794,recovery,601,166,6,828
51.81439895010067,recovery,888,166,5,829
52.60693132665243,recovery,770,166,4,830
53.475985093074314,infection,834,165,5,830
53.728934720664085,recovery,531,165,4,831
55.733913831010604,recovery,90,165,3,832
56.130580372804765,recovery,521,165,2,833
57.921016766351954,recovery,730,165,1,834
68.77766631749964,infection,604,164,2,834
68.83840097380981,recovery,604,164,1,835
69.01481612362109,recovery,834,164,0,836
