t,event,S,I,R
0.0783407002623844,infection,989,11,0
0.4150180132912773,infection,988,12,0
0.43671511971822136,infection,987,13,0
0.45287764935675007,infection,986,14,0
0.6131534841144973,infection,985,15,0
0.8399955959544327,infection,984,16,0
0.9172247247790403,infection,983,17,0
1.025652301991988,infection,982,18,0
1.1964165505576498,infection,981,19,0
1.4370741657943602,infection,980,20,0
1.5573226695224909,infection,979,21,0
1.7581422620292664,infection,978,22,0
1.9333293824498239,infection,977,23,0
2.0023776186473152,infection,976,24,0
2.2021051154199114,infection,975,25,0
2.274012956139553,infection,974,26,0
2.3626954585687403,infection,973,27,0
2.4397817042936376,infection,972,28,0
2.4545408007422442,infection,971,29,0
2.5845703831165214,infection,970,30,0
2.613273367945632,infection,969,31,0
2.8321108000008812,infection,968,32,0
2.970984975210112,infection,967,33,0
2.9777447152526366,infection,966,34,0
2.9812884621601454,infection,965,35,0
2.9822673092846097,infection,964,36,0
3.14270338735758,infection,963,37,0
3.2674388687841316,infection,962,38,0
3.330356233328122,infection,961,39,0
3.3368876119628856,infection,960,40,0
3.398430125551883,infection,959,41,0
3.4081373171311893,infection,958,42,0
3.432870091464454,infection,957,43,0
3.5223870339092995,infection,956,44,0
3.556644213540235,infection,955,45,0
3.587927437634046,infection,954,46,0
3.6376084611404225,infection,953,47,0
3.679948324673922,infection,952,48,0
3.6973088600653496,infection,951,49,0
3.7317322827650536,infection,950,50,0
3.765815730804786,infection,949,51,0
3.77183563223044,infection,948,52,0
3.7997670499069836,infection,947,53,0
3.811163218908203,infection,946,54,0
3.8553090532130665,infection,945,55,0
3.8838679748151574,infection,944,56,0
3.9333738798181894,infection,943,57,0
3.9357002343321357,infection,942,58,0
3.939699042354317,infection,941,59,0
3.9431234965023045,infection,940,60,0
3.98415684028281,infection,939,61,0
3.9995522401972003,infection,938,62,0
4.0,fixed_recovery,938,61,1
4.0,fixed_recovery,938,60,2
4.0,fixed_recovery,938,59,3
4.0,fixed_recovery,938,58,4
4.0,fixed_recovery,938,57,5
4.0,fixed_recovery,938,56,6
4.0,fixed_recovery,938,55,7
4.0,fixed_recovery,938,54,8
4.0,fixed_recovery,938,53,9
4.0,fixed_recovery,938,52,10
4.020595615480019,infection,937,53,10
4.078340700262385,fixed_recovery,937,52,11
4.091447482785519,infection,936,53,11
4.157065688341929,infection,935,54,11
4.415018013291277,fixed_recovery,935,53,12
4.421248470273749,infection,934,54,12
4.4267016231392615,infection,933,55,12
4.4367151197182215,fixed_recovery,933,54,13
4.45287764935675,fixed_recovery,933,53,14
4.4673449933345255,infection,932,54,14
4.500520960981074,infection,931,55,14
4.548209580859494,infection,930,56,14
4.585298941813068,infection,929,57,14
4.613153484114497,fixed_recovery,929,56,15
4.61576793677219,infection,928,57,15
4.627651291224205,infection,927,58,15
4.651256613249373,infection,926,59,15
4.716902910371386,infection,925,60,15
4.720882295388348,infection,924,61,15
4.8399955959544325,fixed_recovery,924,60,16
4.853591836494464,infection,923,61,16
4.873480040647712,infection,922,62,16
4.91722472477904,fixed_recovery,922,61,17
5.013838780706914,infection,921,62,17
5.025652301991988,fixed_recovery,921,61,18
5.033953826042788,infection,920,62,18
5.040088086179364,infection,919,63,18
5.126450994785336,infection,918,64,18
5.1583738876151575,infection,917,65,18
5.19641655055765,fixed_recovery,917,64,19
5.207217126711114,infection,916,65,19
5.220253531207205,infection,915,66,19
5.237314611193318,infection,914,67,19
5.248104560770564,infection,913,68,19
5.266654062754177,infection,912,69,19
5.292113387908129,infection,911,70,19
5.316502515127034,infection,910,71,19
5.37174776152807,infection,909,72,19
5.375974664483944,infection,908,73,19
5.37710104036294,infection,907,74,19
5.425994361663841,infection,906,75,19
5.433313751412301,infection,905,76,19
5.43707416579436,fixed_recovery,905,75,20
5.438672372135641,infection,904,76,20
5.454273127903827,infection,903,77,20
5.474622413377185,infection,902,78,20
5.493294603713482,infection,901,79,20
5.557322669522491,fixed_recovery,901,78,21
5.588408744599078,infection,900,79,21
5.603984319248839,infection,899,80,21
5.673314917163116,infection,898,81,21
5.699681956550884,infection,897,82,21
5.739198046224911,infection,896,83,21
5.746023433050717,infection,895,84,21
5.758142262029266,fixed_recovery,895,83,22
5.774762511216423,infection,894,84,22
5.784020040962008,infection,893,85,22
5.835236744772305,infection,892,86,22
5.840683064845852,infection,891,87,22
5.849965183203998,infection,890,88,22
5.907114470730331,infection,889,89,22
5.919093739753806,infection,888,90,22
5.928343887815335,infection,887,91,22
5.933329382449823,fixed_recovery,887,90,23
5.962503586142423,infection,886,91,23
5.984920048045828,infection,885,92,23
5.992762106120679,infection,884,93,23
6.002377618647316,fixed_recovery,884,92,24
6.078696243743753,infection,883,93,24
6.129870059004904,infection,882,94,24
6.136870728771438,infection,881,95,24
6.1428804666340575,infection,880,96,24
6.202105115419911,fixed_recovery,880,95,25
6.241251887997837,infection,879,96,25
6.2510522080074615,infection,878,97,25
6.254571987102576,infection,877,98,25
6.274012956139552,fixed_recovery,877,97,26
6.309113702953068,infection,876,98,26
6.332456081351784,infection,875,99,26
6.362695458568741,fixed_recovery,875,98,27
6.40715518626486,infection,874,99,27
6.439781704293638,fixed_recovery,874,98,28
6.454540800742244,fixed_recovery,874,97,29
6.533452852939888,infection,873,98,29
6.555073715286602,infection,872,99,29
6.56323036900074,infection,871,100,29
6.584570383116521,fixed_recovery,871,99,30
6.5907362553002695,infection,870,100,30
6.594691442987602,infection,869,101,30
6.5987219958037775,infection,868,102,30
6.6083528538029,infection,867,103,30
6.613273367945633,fixed_recovery,867,102,31
6.646504820272227,infection,866,103,31
6.687711451300635,infection,865,104,31
6.727394813772378,infection,864,105,31
6.731379189978253,infection,863,106,31
6.732062607071795,infection,862,107,31
6.753296543499647,infection,861,108,31
6.764057511906203,infection,860,109,31
6.776663090665796,infection,859,110,31
6.7946788204445925,infection,858,111,31
6.832110800000882,fixed_recovery,858,110,32
6.8421816396283885,infection,857,111,32
6.854297645050567,infection,856,112,32
6.8644318268542035,infection,855,113,32
6.865682898475493,infection,854,114,32
6.900808159709971,infection,853,115,32
6.929462413127697,infection,852,116,32
6.951548406632231,infection,851,117,32
6.955019706157851,infection,850,118,32
6.958719674656599,infection,849,119,32
6.962709911467806,infection,848,120,32
6.970984975210111,fixed_recovery,848,119,33
6.9747754662837105,infection,847,120,33
6.977744715252637,fixed_recovery,847,119,34
6.981288462160146,fixed_recovery,847,118,35
6.98226730928461,fixed_recovery,847,117,36
7.000387124599614,infection,846,118,36
7.011353852631957,infection,845,119,36
7.0271414340478895,infection,844,120,36
7.044462640958247,infection,843,121,36
7.075603746782912,infection,842,122,36
7.099285347612763,infection,841,123,36
7.124914548613588,infection,840,124,36
7.14270338735758,fixed_recovery,840,123,37
7.181960175583049,infection,839,124,37
7.20610785403446,infection,838,125,37
7.223921595485379,infection,837,126,37
7.236796969637266,infection,836,127,37
7.2401839374683385,infection,835,128,37
7.267438868784131,fixed_recovery,835,127,38
7.274418681307613,infection,834,128,38
7.310777833831487,infection,833,129,38
7.312824640004615,infection,832,130,38
7.330356233328121,fixed_recovery,832,129,39
7.33238091201015,infection,831,130,39
7.336887611962886,fixed_recovery,831,129,40
7.345032164096111,infection,830,130,40
7.351921770141462,infection,829,131,40
7.363954272851757,infection,828,132,40
7.371169710264847,infection,827,133,40
7.377016600740756,infection,826,134,40
7.390740198693409,infection,825,135,40
7.398430125551883,fixed_recovery,825,134,41
7.404766625221158,infection,824,135,41
7.408137317131189,fixed_recovery,824,134,42
7.432870091464454,fixed_recovery,824,133,43
7.441458385819282,infection,823,134,43
7.45329496474873,infection,822,135,43
7.466188817986845,infection,821,136,43
7.4717546308146305,infection,820,137,43
7.47808650697297,infection,819,138,43
7.47973381042805,infection,818,139,43
7.48982554323631,infection,817,140,43
7.492403203684761,infection,816,141,43
7.5223870339092995,fixed_recovery,816,140,44
7.556644213540235,fixed_recovery,816,139,45
7.563493028552211,infection,815,140,45
7.587927437634046,fixed_recovery,815,139,46
7.597902597005718,infection,814,140,46
7.598357308702694,infection,813,141,46
7.621590368159312,infection,812,142,46
7.631512187196379,infection,811,143,46
7.637608461140422,fixed_recovery,811,142,47
7.642541894122677,infection,810,143,47
7.675154364730198,infection,809,144,47
7.679948324673922,fixed_recovery,809,143,48
7.684107606175448,infection,808,144,48
7.693422323236368,infection,807,145,48
7.69730886006535,fixed_recovery,807,144,49
7.698230190492066,infection,806,145,49
7.722634989515318,infection,805,146,49
7.731732282765053,fixed_recovery,805,145,50
7.742619931089672,infection,804,146,50
7.754858766159702,infection,803,147,50
7.7658157308047855,fixed_recovery,803,146,51
7.77183563223044,fixed_recovery,803,145,52
7.772317914133442,infection,802,146,52
7.781481534708042,infection,801,147,52
7.798395929830079,infection,800,148,52
7.7997670499069836,fixed_recovery,800,147,53
7.803986085030386,infection,799,148,53
7.811163218908203,fixed_recovery,799,147,54
7.837344177706595,infection,798,148,54
7.840020302657499,infection,797,149,54
7.851183575138107,infection,796,150,54
7.855309053213066,fixed_recovery,796,149,55
7.855441637635999,infection,795,150,55
7.883867974815157,fixed_recovery,795,149,56
7.933164540489729,infection,794,150,56
7.933373879818189,fixed_recovery,794,149,57
7.935350305859055,infection,793,150,57
7.935700234332136,fixed_recovery,793,149,58
7.939699042354317,fixed_recovery,793,148,59
7.943123496502304,fixed_recovery,793,147,60
7.94444118600233,infection,792,148,60
7.95359041312962,infection,791,149,60
7.9582397139825165,infection,790,150,60
7.961928586135193,infection,789,151,60
7.975016724474896,infection,788,152,60
7.98415684028281,fixed_recovery,788,151,61
7.9995522401972,fixed_recovery,788,150,62
8.019221952205339,infection,787,151,62
8.020595615480019,fixed_recovery,787,150,63
8.03870907847228,infection,786,151,63
8.049382181054156,infection,785,152,63
8.079289359916775,infection,784,153,63
8.081824893969527,infection,783,154,63
8.091447482785519,fixed_recovery,783,153,64
8.092590667376005,infection,782,154,64
8.120199902920698,infection,781,155,64
8.12071733550943,infection,780,156,64
8.132548950353682,infection,779,157,64
8.153562079255,infection,778,158,64
8.154036946177424,infection,777,159,64
8.157065688341929,fixed_recovery,777,158,65
8.163737708374802,infection,776,159,65
8.182088310786412,infection,775,160,65
8.246459336093006,infection,774,161,65
8.272971709635836,infection,773,162,65
8.291399718388506,infection,772,163,65
8.297961905023229,infection,771,164,65
8.30138549442469,infection,770,165,65
8.348951714376243,infection,769,166,65
8.359408531584315,infection,768,167,65
8.371645887608356,infection,767,168,65
8.4101900158089,infection,766,169,65
8.42124847027375,fixed_recovery,766,168,66
8.426701623139262,fixed_recovery,766,167,67
8.460486856910507,infection,765,168,67
8.467344993334525,fixed_recovery,765,167,68
8.500520960981074,fixed_recovery,765,166,69
8.522626096369153,infection,764,167,69
8.54307125601905,infection,763,168,69
8.548209580859494,fixed_recovery,763,167,70
8.54867625306189,infection,762,168,70
8.558042611742145,infection,761,169,70
8.570760987425766,infection,760,170,70
8.576841230491835,infection,759,171,70
8.585298941813068,fixed_recovery,759,170,71
8.590661782566832,infection,758,171,71
8.597474526191204,infection,757,172,71
8.59875132924369,infection,756,173,71
8.610920082670093,infection,755,174,71
8.611610327750302,infection,754,175,71
8.612005632213428,infection,753,176,71
8.61576793677219,fixed_recovery,753,175,72
8.62374775959791,infection,752,176,72
8.627651291224204,fixed_recovery,752,175,73
8.630387716481517,infection,751,176,73
8.639191306393926,infection,750,177,73
8.643910821655657,infection,749,178,73
8.651256613249373,fixed_recovery,749,177,74
8.677918352707625,infection,748,178,74
8.68291153405629,infection,747,179,74
8.689930663049278,infection,746,180,74
8.690937135781427,infection,745,181,74
8.711680594016844,infection,744,182,74
8.716902910371386,fixed_recovery,744,181,75
8.720882295388348,fixed_recovery,744,180,76
8.735697752443945,infection,743,181,76
8.738864777213877,infection,742,182,76
8.753000224512155,infection,741,183,76
8.758774479917234,infection,740,184,76
8.77487152223921,infection,739,185,76
8.781605269524656,infection,738,186,76
8.783596399173774,infection,737,187,76
8.784962606297144,infection,736,188,76
8.787912647300235,infection,735,189,76
8.7880966118276,infection,734,190,76
8.791872803434801,infection,733,191,76
8.797695645509764,infection,732,192,76
8.805719100027178,infection,731,193,76
8.810273738709732,infection,730,194,76
8.818098931979936,infection,729,195,76
8.821709780092197,infection,728,196,76
8.827440886784203,infection,727,197,76
8.833764315173118,infection,726,198,76
8.848864534040967,infection,725,199,76
8.849718753600209,infection,724,200,76
8.85004282213213,infection,723,201,76
8.853591836494463,fixed_recovery,723,200,77
8.85923825989401,infection,722,201,77
8.859351768062423,infection,721,202,77
8.872587278781612,infection,720,203,77
8.873480040647712,fixed_recovery,720,202,78
8.892652805758638,infection,719,203,78
8.906879270245417,infection,718,204,78
8.916063511510778,infection,717,205,78
8.920037940056481,infection,716,206,78
8.927053302346042,infection,715,207,78
8.935402851453548,infection,714,208,78
8.953510258150212,infection,713,209,78
8.967148763070917,infection,712,210,78
8.981780938128383,infection,711,211,78
8.988899532031404,infection,710,212,78
8.995818698868392,infection,709,213,78
9.013838780706914,fixed_recovery,709,212,79
9.033953826042788,fixed_recovery,709,211,80
9.040088086179363,fixed_recovery,709,210,81
9.050695557351945,infection,708,211,81
9.091210391295268,infection,707,212,81
9.097511116749914,infection,706,213,81
9.108004826437035,infection,705,214,81
9.118639748645993,infection,704,215,81
9.126450994785337,fixed_recovery,704,214,82
9.128826929542779,infection,703,215,82
9.137857146520297,infection,702,216,82
9.158373887615157,fixed_recovery,702,215,83
9.168129921599062,infection,701,216,83
9.207217126711114,fixed_recovery,701,215,84
9.217054678390816,infection,700,216,84
9.220253531207206,fixed_recovery,700,215,85
9.224644778421965,infection,699,216,85
9.234020871346354,infection,698,217,85
9.237314611193318,fixed_recovery,698,216,86
9.248104560770564,fixed_recovery,698,215,87
9.263338215520283,infection,697,216,87
9.266654062754178,fixed_recovery,697,215,88
9.29211338790813,fixed_recovery,697,214,89
9.316502515127034,fixed_recovery,697,213,90
9.322072225253734,infection,696,214,90
9.323126211537117,infection,695,215,90
9.332858925022139,infection,694,216,90
9.34384528304114,infection,693,217,90
9.350904643362076,infection,692,218,90
9.35547907171275,infection,691,219,90
9.357488906057545,infection,690,220,90
9.368123959248823,infection,689,221,90
9.37174776152807,fixed_recovery,689,220,91
9.375974664483945,fixed_recovery,689,219,92
9.377101040362941,fixed_recovery,689,218,93
9.379059561726443,infection,688,219,93
9.389529397459402,infection,687,220,93
9.396186786971143,infection,686,221,93
9.411307840523763,infection,685,222,93
9.425994361663841,fixed_recovery,685,221,94
9.428090359793588,infection,684,222,94
9.433313751412301,fixed_recovery,684,221,95
9.438672372135642,fixed_recovery,684,220,96
9.444328047159184,infection,683,221,96
9.454273127903827,fixed_recovery,683,220,97
9.455823960430518,infection,682,221,97
9.472252853243509,infection,681,222,97
9.473467357406614,infection,680,223,97
9.474622413377185,fixed_recovery,680,222,98
9.479339489187192,infection,679,223,98
9.493294603713483,fixed_recovery,679,222,99
9.494382936502683,infection,678,223,99
9.503874434672248,infection,677,224,99
9.507256618018216,infection,676,225,99
9.514087385835404,infection,675,226,99
9.529127329186622,infection,674,227,99
9.545085792620913,infection,673,228,99
9.549254078816386,infection,672,229,99
9.556609638531606,infection,671,230,99
9.5666705861495,infection,670,231,99
9.588408744599079,fixed_recovery,670,230,100
9.590936175586966,infection,669,231,100
9.596387363782366,infection,668,232,100
9.603669228119474,infection,667,233,100
9.60398431924884,fixed_recovery,667,232,101
9.61164787024117,infection,666,233,101
9.622577345953621,infection,665,234,101
9.629470982096873,infection,664,235,101
9.643027899596685,infection,663,236,101
9.666181495933905,infection,662,237,101
9.672089314098388,infection,661,238,101
9.673314917163115,fixed_recovery,661,237,102
9.699681956550883,fixed_recovery,661,236,103
9.707986444750086,infection,660,237,103
9.722677645844914,infection,659,238,103
9.733585823741361,infection,658,239,103
9.73919804622491,fixed_recovery,658,238,104
9.744662501772831,infection,657,239,104
9.746023433050716,fixed_recovery,657,238,105
9.755071184184388,infection,656,239,105
9.774762511216423,fixed_recovery,656,238,106
9.784020040962009,fixed_recovery,656,237,107
9.784119390805198,infection,655,238,107
9.795567587774421,infection,654,239,107
9.80478262076488,infection,653,240,107
9.810965347584824,infection,652,241,107
9.820217985440205,infection,651,242,107
9.835236744772306,fixed_recovery,651,241,108
9.840683064845852,fixed_recovery,651,240,109
9.841654737519692,infection,650,241,109
9.848558023773167,infection,649,242,109
9.849965183203999,fixed_recovery,649,241,110
9.872732304493137,infection,648,242,110
9.887937890221272,infection,647,243,110
9.90676604309433,infection,646,244,110
9.907114470730331,fixed_recovery,646,243,111
9.910550107234119,infection,645,244,111
9.910707474976924,infection,644,245,111
9.919093739753805,fixed_recovery,644,244,112
9.928343887815334,fixed_recovery,644,243,113
9.93805369677157,infection,643,244,113
9.938263921772197,infection,642,245,113
9.959127421920419,infection,641,246,113
9.962503586142423,fixed_recovery,641,245,114
9.970426018376523,infection,640,246,114
9.971776451752293,infection,639,247,114
9.978332767787347,infection,638,248,114
9.984920048045828,fixed_recovery,638,247,115
9.992505657803445,infection,637,248,115
9.99276210612068,fixed_recovery,637,247,116
10.051002015933294,infection,636,248,116
10.059061037260504,infection,635,249,116
10.077823158090098,infection,634,250,116
10.078696243743753,fixed_recovery,634,249,117
10.081297942041354,infection,633,250,117
10.090038124153592,infection,632,251,117
10.118627569363568,infection,631,252,117
10.122754671702408,infection,630,253,117
10.129870059004904,fixed_recovery,630,252,118
10.136870728771438,fixed_recovery,630,251,119
10.142880466634058,fixed_recovery,630,250,120
10.159766659260717,infection,629,251,120
10.21218564547483,infection,628,252,120
10.217137920789087,infection,627,253,120
10.217969122410526,infection,626,254,120
10.233545521443444,infection,625,255,120
10.234068313743563,infection,624,256,120
10.241251887997837,fixed_recovery,624,255,121
10.251052208007462,fixed_recovery,624,254,122
10.254571987102576,fixed_recovery,624,253,123
10.296994908979237,infection,623,254,123
10.309113702953068,fixed_recovery,623,253,124
10.323632288706232,infection,622,254,124
10.332456081351783,fixed_recovery,622,253,125
10.335466330738175,infection,621,254,125
10.335778344810603,infection,620,255,125
10.358995861047946,infection,619,256,125
10.383322605109731,infection,618,257,125
10.392692733499231,infection,617,258,125
10.407155186264859,fixed_recovery,617,257,126
10.414336836102375,infection,616,258,126
10.430732508991724,infection,615,259,126
10.450060890064949,infection,614,260,126
10.451322218114814,infection,613,261,126
10.454040340514666,infection,612,262,126
10.461336828017457,infection,611,263,126
10.465412987426205,infection,610,264,126
10.470872044237925,infection,609,265,126
10.489797459727665,infection,608,266,126
10.490222584463874,infection,607,267,126
10.505153150409345,infection,606,268,126
10.517340355548816,infection,605,269,126
10.533452852939888,fixed_recovery,605,268,127
10.53566689748417,infection,604,269,127
10.55091773002927,infection,603,270,127
10.555073715286602,fixed_recovery,603,269,128
10.557080146248364,infection,602,270,128
10.56323036900074,fixed_recovery,602,269,129
10.565884914816898,infection,601,270,129
10.59073625530027,fixed_recovery,601,269,130
10.594691442987603,fixed_recovery,601,268,131
10.598721995803778,fixed_recovery,601,267,132
10.6083528538029,fixed_recovery,601,266,133
10.616956027849184,infection,600,267,133
10.617082216382133,infection,599,268,133
10.646504820272227,fixed_recovery,599,267,134
10.65274420829951,infection,598,268,134
10.661313099262767,infection,597,269,134
10.662995980682268,infection,596,270,134
10.675452425288578,infection,595,271,134
10.687711451300636,fixed_recovery,595,270,135
10.723957401034944,infection,594,271,135
10.727394813772378,fixed_recovery,594,270,136
10.731379189978252,fixed_recovery,594,269,137
10.732062607071795,fixed_recovery,594,268,138
10.753296543499648,fixed_recovery,594,267,139
10.764057511906202,fixed_recovery,594,266,140
10.76989705741955,infection,593,267,140
10.776663090665796,fixed_recovery,593,266,141
10.782249478622203,infection,592,267,141
10.794678820444592,fixed_recovery,592,266,142
10.809705280232352,infection,591,267,142
10.812612272824683,infection,590,268,142
10.82928047726858,infection,589,269,142
10.83121974797126,infection,588,270,142
10.84218163962839,fixed_recovery,588,269,143
10.844193378472879,infection,587,270,143
10.847948800397644,infection,586,271,143
10.853317160340575,infection,585,272,143
10.854297645050567,fixed_recovery,585,271,144
10.864431826854204,fixed_recovery,585,270,145
10.865682898475493,fixed_recovery,585,269,146
10.881396590833232,infection,584,270,146
10.882711795904342,infection,583,271,146
10.88889200837986,infection,582,272,146
10.898468991826032,infection,581,273,146
10.898754276753417,infection,580,274,146
10.900808159709971,fixed_recovery,580,273,147
10.910024132761755,infection,579,274,147
10.929462413127698,fixed_recovery,579,273,148
10.935432179441573,infection,578,274,148
10.941316234788466,infection,577,275,148
10.942826405816254,infection,576,276,148
10.95154840663223,fixed_recovery,576,275,149
10.955019706157852,fixed_recovery,576,274,150
10.9587196746566,fixed_recovery,576,273,151
10.962709911467806,fixed_recovery,576,272,152
10.971016037096135,infection,575,273,152
10.97477546628371,fixed_recovery,575,272,153
10.98342880372839,infection,574,273,153
10.984826859914357,infection,573,274,153
10.991385706129671,infection,572,275,153
10.997185721536868,infection,571,276,153
11.000387124599614,fixed_recovery,571,275,154
11.011353852631956,fixed_recovery,571,274,155
11.018910608181194,infection,570,275,155
11.02714143404789,fixed_recovery,570,274,156
11.031505458008406,infection,569,275,156
11.042779104941872,infection,568,276,156
11.044462640958248,fixed_recovery,568,275,157
11.050180196080584,infection,567,276,157
11.062294214034848,infection,566,277,157
11.067903570843352,infection,565,278,157
11.075603746782912,fixed_recovery,565,277,158
11.078436308476176,infection,564,278,158
11.099285347612764,fixed_recovery,564,277,159
11.109877937276622,infection,563,278,159
11.124914548613589,fixed_recovery,563,277,160
11.149993776475744,infection,562,278,160
11.181960175583049,fixed_recovery,562,277,161
11.188509898511091,infection,561,278,161
11.19689346926542,infection,560,279,161
11.200705523599638,infection,559,280,161
11.20610785403446,fixed_recovery,559,279,162
11.216715669883333,infection,558,280,162
11.217765925954883,infection,557,281,162
11.223921595485379,fixed_recovery,557,280,163
11.22717429093802,infection,556,281,163
11.228635027831492,infection,555,282,163
11.231983625225963,infection,554,283,163
11.236796969637265,fixed_recovery,554,282,164
11.240183937468338,fixed_recovery,554,281,165
11.243612129144752,infection,553,282,165
11.253736208211699,infection,552,283,165
11.274418681307612,fixed_recovery,552,282,166
11.28142783102874,infection,551,283,166
11.286006469397778,infection,550,284,166
11.291449007903953,infection,549,285,166
11.304955090270067,infection,548,286,166
11.305008042393835,infection,547,287,166
11.30780360500648,infection,546,288,166
11.310777833831487,fixed_recovery,546,287,167
11.312824640004614,fixed_recovery,546,286,168
11.3170030091222,infection,545,287,168
11.33238091201015,fixed_recovery,545,286,169
11.34503216409611,fixed_recovery,545,285,170
11.351921770141463,fixed_recovery,545,284,171
11.360039040657373,infection,544,285,171
11.363954272851757,fixed_recovery,544,284,172
11.365117637180148,infection,543,285,172
11.371169710264848,fixed_recovery,543,284,173
11.373224785382043,infection,542,285,173
11.377016600740756,fixed_recovery,542,284,174
11.380396747412282,infection,541,285,174
11.383862184823238,infection,540,286,174
11.386475318075068,infection,539,287,174
11.39074019869341,fixed_recovery,539,286,175
11.392101598636875,infection,538,287,175
11.403351217287025,infection,537,288,175
11.404766625221157,fixed_recovery,537,287,176
11.41768148551613,infection,536,288,176
11.4207595226557,infection,535,289,176
11.423379917048402,infection,534,290,176
11.441458385819281,fixed_recovery,534,289,177
11.442879242082478,infection,533,290,177
11.450566982435847,infection,532,291,177
11.45329496474873,fixed_recovery,532,290,178
11.46401313133812,infection,531,291,178
11.466188817986845,fixed_recovery,531,290,179
11.468800723523312,infection,530,291,179
11.47175463081463,fixed_recovery,530,290,180
11.476306027398493,infection,529,291,180
11.47808650697297,fixed_recovery,529,290,181
11.479733810428051,fixed_recovery,529,289,182
11.483698764218083,infection,528,290,182
11.48382585246347,infection,527,291,182
11.48982554323631,fixed_recovery,527,290,183
11.492403203684761,fixed_recovery,527,289,184
11.534446211728447,infection,526,290,184
11.535367636192454,infection,525,291,184
11.544871524746805,infection,524,292,184
11.556397118128837,infection,523,293,184
11.56349302855221,fixed_recovery,523,292,185
11.57967794311061,infection,522,293,185
11.581815667879033,infection,521,294,185
11.584523557362113,infection,520,295,185
11.597902597005717,fixed_recovery,520,294,186
11.598357308702694,fixed_recovery,520,293,187
11.608589989265996,infection,519,294,187
11.621590368159312,fixed_recovery,519,293,188
11.631512187196378,fixed_recovery,519,292,189
11.636456344921664,infection,518,293,189
11.642541894122676,fixed_recovery,518,292,190
11.647860489577425,infection,517,293,190
11.662010436222552,infection,516,294,190
11.662248119126843,infection,515,295,190
11.675154364730197,fixed_recovery,515,294,191
11.684107606175449,fixed_recovery,515,293,192
11.688181057009963,infection,514,294,192
11.69342232323637,fixed_recovery,514,293,193
11.694883046694473,infection,513,294,193
11.698230190492065,fixed_recovery,513,293,194
11.709199982152825,infection,512,294,194
11.71422687477434,infection,511,295,194
11.722477769756457,infection,510,296,194
11.722634989515317,fixed_recovery,510,295,195
11.742619931089672,fixed_recovery,510,294,196
11.754858766159703,fixed_recovery,510,293,197
11.758325446810124,infection,509,294,197
11.770200257907463,infection,508,295,197
11.772317914133442,fixed_recovery,508,294,198
11.774163816084034,infection,507,295,198
11.781481534708043,fixed_recovery,507,294,199
11.782642826897387,infection,506,295,199
11.797292807984956,infection,505,296,199
11.797302612850633,infection,504,297,199
11.798395929830079,fixed_recovery,504,296,200
11.803986085030386,fixed_recovery,504,295,201
11.835906189925694,infection,503,296,201
11.837344177706594,fixed_recovery,503,295,202
11.8400203026575,fixed_recovery,503,294,203
11.851183575138107,fixed_recovery,503,293,204
11.855441637635998,fixed_recovery,503,292,205
11.856413076480571,infection,502,293,205
11.922444166585851,infection,501,294,205
11.923218872042948,infection,500,295,205
11.924515695166429,infection,499,296,205
11.925308795393885,infection,498,297,205
11.929754233508362,infection,497,298,205
11.933148598475459,infection,496,299,205
11.933164540489729,fixed_recovery,496,298,206
11.933477616927599,infection,495,299,206
11.935350305859055,fixed_recovery,495,298,207
11.942954521605929,infection,494,299,207
11.94444118600233,fixed_recovery,494,298,208
11.950082670790993,infection,493,299,208
11.951046351459018,infection,492,300,208
11.95359041312962,fixed_recovery,492,299,209
11.958239713982517,fixed_recovery,492,298,210
11.961928586135194,fixed_recovery,492,297,211
11.963031093438202,infection,491,298,211
11.975016724474896,fixed_recovery,491,297,212
11.987284665482811,infection,490,298,212
11.989333332447673,infection,489,299,212
11.993805924293879,infection,488,300,212
12.001028900596797,infection,487,301,212
12.00311542779,infection,486,302,212
12.019221952205339,fixed_recovery,486,301,213
12.023549822420467,infection,485,302,213
12.03870907847228,fixed_recovery,485,301,214
12.04401633551642,infection,484,302,214
12.045584471670363,infection,483,303,214
12.049382181054156,fixed_recovery,483,302,215
12.05605311500851,infection,482,303,215
12.061219407462822,infection,481,304,215
12.079289359916775,fixed_recovery,481,303,216
12.081824893969527,fixed_recovery,481,302,217
12.082144494539248,infection,480,303,217
12.092590667376005,fixed_recovery,480,302,218
12.106113228253733,infection,479,303,218
12.111396836498164,infection,478,304,218
12.1152210587279,infection,477,305,218
12.120199902920698,fixed_recovery,477,304,219
12.12071733550943,fixed_recovery,477,303,220
12.132548950353682,fixed_recovery,477,302,221
12.14305045436023,infection,476,303,221
12.14664749259692,infection,475,304,221
12.153516482244385,infection,474,305,221
12.153562079255,fixed_recovery,474,304,222
12.153716388345327,infection,473,305,222
12.154036946177424,fixed_recovery,473,304,223
12.156787035130373,infection,472,305,223
12.163147636790706,infection,471,306,223
12.163737708374802,fixed_recovery,471,305,224
12.16828971983358,infection,470,306,224
12.171983217819527,infection,469,307,224
12.17368265476436,infection,468,308,224
12.182088310786412,fixed_recovery,468,307,225
12.183683965925647,infection,467,308,225
12.186848030508601,infection,466,309,225
12.19541068826462,infection,465,310,225
12.19610142941476,infection,464,311,225
12.206345852231044,infection,463,312,225
12.223895099561814,infection,462,313,225
12.231607324864411,infection,461,314,225
12.236163812415079,infection,460,315,225
12.239451077751259,infection,459,316,225
12.246459336093006,fixed_recovery,459,315,226
12.249087034392153,infection,458,316,226
12.250596685574484,infection,457,317,226
12.253435870325529,infection,456,318,226
12.272971709635836,fixed_recovery,456,317,227
12.291399718388506,fixed_recovery,456,316,228
12.297961905023229,fixed_recovery,456,315,229
12.30138549442469,fixed_recovery,456,314,230
12.323011173215056,infection,455,315,230
12.335792231151771,infection,454,316,230
12.343195572113506,infection,453,317,230
12.348951714376243,fixed_recovery,453,316,231
12.352528283818312,infection,452,317,231
12.359408531584315,fixed_recovery,452,316,232
12.362584664800453,infection,451,317,232
12.36750416243714,infection,450,318,232
12.371645887608356,fixed_recovery,450,317,233
12.37824534524311,infection,449,318,233
12.40775244418136,infection,448,319,233
12.4101900158089,fixed_recovery,448,318,234
12.423121605228536,infection,447,319,234
12.42789174889389,infection,446,320,234
12.434549251811486,infection,445,321,234
12.458184596963383,infection,444,322,234
12.460486856910507,fixed_recovery,444,321,235
12.474534562554814,infection,443,322,235
12.478777544508208,infection,442,323,235
12.506721316482738,infection,441,324,235
12.522626096369153,fixed_recovery,441,323,236
12.54307125601905,fixed_recovery,441,322,237
12.54867625306189,fixed_recovery,441,321,238
12.55440162263531,infection,440,322,238
12.558042611742145,fixed_recovery,440,321,239
12.570760987425766,fixed_recovery,440,320,240
12.574241278258139,infection,439,321,240
12.576648720687176,infection,438,322,240
12.576841230491835,fixed_recovery,438,321,241
12.579015752238519,infection,437,322,241
12.590661782566832,fixed_recovery,437,321,242
12.594137832558642,infection,436,322,242
12.597474526191204,fixed_recovery,436,321,243
12.59875132924369,fixed_recovery,436,320,244
12.610920082670093,fixed_recovery,436,319,245
12.611610327750302,fixed_recovery,436,318,246
12.612005632213428,fixed_recovery,436,317,247
12.62374775959791,fixed_recovery,436,316,248
12.62524019683329,infection,435,317,248
12.630387716481517,fixed_recovery,435,316,249
12.63180887936448,infection,434,317,249
12.63190713400407,infection,433,318,249
12.639191306393926,fixed_recovery,433,317,250
12.643910821655657,fixed_recovery,433,316,251
12.648265341150358,infection,432,317,251
12.666659798914685,infection,431,318,251
12.67361937548146,infection,430,319,251
12.677918352707625,fixed_recovery,430,318,252
12.682357928071939,infection,429,319,252
12.68291153405629,fixed_recovery,429,318,253
12.689930663049278,fixed_recovery,429,317,254
12.690937135781427,fixed_recovery,429,316,255
12.697292840690814,infection,428,317,255
12.704379056491023,infection,427,318,255
12.711680594016844,fixed_recovery,427,317,256
12.732551968075171,infection,426,318,256
12.735697752443945,fixed_recovery,426,317,257
12.738864777213877,fixed_recovery,426,316,258
12.744937865545543,infection,425,317,258
12.753000224512155,fixed_recovery,425,316,259
12.753151083197427,infection,424,317,259
12.758774479917234,fixed_recovery,424,316,260
12.764551273209957,infection,423,317,260
12.771809145333691,infection,422,318,260
12.77487152223921,fixed_recovery,422,317,261
12.776693543837144,infection,421,318,261
12.781605269524656,fixed_recovery,421,317,262
12.783596399173774,fixed_recovery,421,316,263
12.784962606297144,fixed_recovery,421,315,264
12.787912647300235,fixed_recovery,421,314,265
12.7880966118276,fixed_recovery,421,313,266
12.791872803434801,fixed_recovery,421,312,267
12.797695645509764,fixed_recovery,421,311,268
12.805719100027178,fixed_recovery,421,310,269
12.808129809954158,infection,420,311,269
12.810273738709732,fixed_recovery,420,310,270
12.818098931979936,fixed_recovery,420,309,271
12.821709780092197,fixed_recovery,420,308,272
12.827440886784203,fixed_recovery,420,307,273
12.829166882628241,infection,419,308,273
12.833267654192385,infection,418,309,273
12.833764315173118,fixed_recovery,418,308,274
12.848864534040967,fixed_recovery,418,307,275
12.849718753600209,fixed_recovery,418,306,276
12.85004282213213,fixed_recovery,418,305,277
12.85923825989401,fixed_recovery,418,304,278
12.859351768062423,fixed_recovery,418,303,279
12.859750637096955,infection,417,304,279
12.872587278781612,fixed_recovery,417,303,280
12.892652805758638,fixed_recovery,417,302,281
12.900960452125616,infection,416,303,281
12.906879270245417,fixed_recovery,416,302,282
12.916063511510778,fixed_recovery,416,301,283
12.920037940056481,fixed_recovery,416,300,284
12.927053302346042,fixed_recovery,416,299,285
12.93066184659433,infection,415,300,285
12.935402851453548,fixed_recovery,415,299,286
12.949752065936716,infection,414,300,286
12.953510258150212,fixed_recovery,414,299,287
12.967148763070917,fixed_recovery,414,298,288
12.970657737220153,infection,413,299,288
12.981780938128383,fixed_recovery,413,298,289
12.988899532031404,fixed_recovery,413,297,290
12.995818698868392,fixed_recovery,413,296,291
13.050365547926862,infection,412,297,291
13.050695557351945,fixed_recovery,412,296,292
13.086336627067597,infection,411,297,292
13.091210391295268,fixed_recovery,411,296,293
13.097511116749914,fixed_recovery,411,295,294
13.099760378287913,infection,410,296,294
13.108004826437035,fixed_recovery,410,295,295
13.118639748645993,fixed_recovery,410,294,296
13.128826929542779,fixed_recovery,410,293,297
13.137857146520297,fixed_recovery,410,292,298
13.168129921599062,fixed_recovery,410,291,299
13.184746220265362,infection,409,292,299
13.210456446287127,infection,408,293,299
13.215034395314659,infection,407,294,299
13.217054678390816,fixed_recovery,407,293,300
13.224644778421965,fixed_recovery,407,292,301
13.231491964037492,infection,406,293,301
13.234020871346354,fixed_recovery,406,292,302
13.241731416809694,infection,405,293,302
13.263338215520283,fixed_recovery,405,292,303
13.276026250382415,infection,404,293,303
13.300000098442364,infection,403,294,303
13.301581688976812,infection,402,295,303
13.320479330965478,infection,401,296,303
13.322072225253734,fixed_recovery,401,295,304
13.322738455609663,infection,400,296,304
13.323126211537117,fixed_recovery,400,295,305
13.326367313519128,infection,399,296,305
13.332858925022139,fixed_recovery,399,295,306
13.334110613825036,infection,398,296,306
13.34384528304114,fixed_recovery,398,295,307
13.346895326420876,infection,397,296,307
13.350904643362076,fixed_recovery,397,295,308
13.35547907171275,fixed_recovery,397,294,309
13.357459229546663,infection,396,295,309
13.357488906057545,fixed_recovery,396,294,310
13.368123959248823,fixed_recovery,396,293,311
13.379059561726443,fixed_recovery,396,292,312
13.387418873545581,infection,395,293,312
13.388288295628508,infection,394,294,312
13.389529397459402,fixed_recovery,394,293,313
13.396186786971143,fixed_recovery,394,292,314
13.411307840523763,fixed_recovery,394,291,315
13.424938284324405,infection,393,292,315
13.428090359793588,fixed_recovery,393,291,316
13.444328047159184,fixed_recovery,393,290,317
13.446555915602191,infection,392,291,317
13.455823960430518,fixed_recovery,392,290,318
13.458426162763335,infection,391,291,318
13.45976118576889,infection,390,292,318
13.467111034721142,infection,389,293,318
13.472252853243509,fixed_recovery,389,292,319
13.473467357406614,fixed_recovery,389,291,320
13.479339489187192,fixed_recovery,389,290,321
13.481192511228206,infection,388,291,321
13.482349982514462,infection,387,292,321
13.494382936502683,fixed_recovery,387,291,322
13.500617520426951,infection,386,292,322
13.50153094872147,infection,385,293,322
13.503874434672248,fixed_recovery,385,292,323
13.507256618018216,fixed_recovery,385,291,324
13.514087385835404,fixed_recovery,385,290,325
13.521185258219061,infection,384,291,325
13.528059334358181,infection,383,292,325
13.529127329186622,fixed_recovery,383,291,326
13.535005720331998,infection,382,292,326
13.545085792620913,fixed_recovery,382,291,327
13.549254078816386,fixed_recovery,382,290,328
13.556609638531606,fixed_recovery,382,289,329
13.5666705861495,fixed_recovery,382,288,330
13.589872561918959,infection,381,289,330
13.590936175586966,fixed_recovery,381,288,331
13.593061409494535,infection,380,289,331
13.596387363782366,fixed_recovery,380,288,332
13.603669228119474,fixed_recovery,380,287,333
13.61076358596838,infection,379,288,333
13.61164787024117,fixed_recovery,379,287,334
13.622577345953621,fixed_recovery,379,286,335
13.629470982096873,fixed_recovery,379,285,336
13.637935067845817,infection,378,286,336
13.643027899596685,fixed_recovery,378,285,337
13.6432055543888,infection,377,286,337
13.65288231610653,infection,376,287,337
13.666181495933905,fixed_recovery,376,286,338
13.667602801100397,infection,375,287,338
13.672089314098388,fixed_recovery,375,286,339
13.700769906554475,infection,374,287,339
13.707986444750086,fixed_recovery,374,286,340
13.714664369380694,infection,373,287,340
13.720903733824393,infection,372,288,340
13.722677645844914,fixed_recovery,372,287,341
13.723800888722412,infection,371,288,341
13.733585823741361,fixed_recovery,371,287,342
13.744662501772831,fixed_recovery,371,286,343
13.755071184184388,fixed_recovery,371,285,344
13.762658487814514,infection,370,286,344
13.784119390805198,fixed_recovery,370,285,345
13.795567587774421,fixed_recovery,370,284,346
13.80478262076488,fixed_recovery,370,283,347
13.810965347584824,fixed_recovery,370,282,348
13.820217985440205,fixed_recovery,370,281,349
13.83293239589024,infection,369,282,349
13.841654737519692,fixed_recovery,369,281,350
13.848558023773167,fixed_recovery,369,280,351
13.852276162151993,infection,368,281,351
13.859611856262807,infection,367,282,351
13.869252730896243,infection,366,283,351
13.872732304493137,fixed_recovery,366,282,352
13.887937890221272,fixed_recovery,366,281,353
13.899126585198125,infection,365,282,353
13.90676604309433,fixed_recovery,365,281,354
13.910550107234119,fixed_recovery,365,280,355
13.910707474976924,fixed_recovery,365,279,356
13.92243339877041,infection,364,280,356
13.93805369677157,fixed_recovery,364,279,357
13.938263921772197,fixed_recovery,364,278,358
13.959127421920419,fixed_recovery,364,277,359
13.970426018376523,fixed_recovery,364,276,360
13.971776451752293,fixed_recovery,364,275,361
13.978332767787347,fixed_recovery,364,274,362
13.992505657803445,fixed_recovery,364,273,363
13.992994033018126,infection,363,274,363
13.995267997823632,infection,362,275,363
13.999279196237213,infection,361,276,363
14.01480728148257,infection,360,277,363
14.019702534255359,infection,359,278,363
14.032876883956934,infection,358,279,363
14.037187199217993,infection,357,280,363
14.0431853747083,infection,356,281,363
14.051002015933294,fixed_recovery,356,280,364
14.059061037260504,fixed_recovery,356,279,365
14.071598296808341,infection,355,280,365
14.07290667376718,infection,354,281,365
14.075791387597196,infection,353,282,365
14.077823158090098,fixed_recovery,353,281,366
14.081297942041354,fixed_recovery,353,280,367
14.08718520666616,infection,352,281,367
14.090038124153592,fixed_recovery,352,280,368
14.099141104646574,infection,351,281,368
14.099629480121745,infection,350,282,368
14.118627569363568,fixed_recovery,350,281,369
14.122754671702408,fixed_recovery,350,280,370
14.139738654068344,infection,349,281,370
14.141302683885174,infection,348,282,370
14.146779304108373,infection,347,283,370
14.159766659260717,fixed_recovery,347,282,371
14.170458368360118,infection,346,283,371
14.178302348775736,infection,345,284,371
14.186153235185085,infection,344,285,371
14.21218564547483,fixed_recovery,344,284,372
14.217137920789087,fixed_recovery,344,283,373
14.217969122410526,fixed_recovery,344,282,374
14.233545521443444,fixed_recovery,344,281,375
14.234068313743563,fixed_recovery,344,280,376
14.261301954697652,infection,343,281,376
14.296994908979237,fixed_recovery,343,280,377
14.299339841260595,infection,342,281,377
14.307692974241187,infection,341,282,377
14.323632288706232,fixed_recovery,341,281,378
14.335466330738175,fixed_recovery,341,280,379
14.335778344810603,fixed_recovery,341,279,380
14.358995861047946,fixed_recovery,341,278,381
14.36171322587458,infection,340,279,381
14.383322605109731,fixed_recovery,340,278,382
14.392692733499231,fixed_recovery,340,277,383
14.406642126538706,infection,339,278,383
14.414336836102375,fixed_recovery,339,277,384
14.430732508991724,fixed_recovery,339,276,385
14.450060890064949,fixed_recovery,339,275,386
14.451322218114814,fixed_recovery,339,274,387
14.454040340514666,fixed_recovery,339,273,388
14.461336828017457,fixed_recovery,339,272,389
14.465412987426205,fixed_recovery,339,271,390
14.470872044237925,fixed_recovery,339,270,391
14.489797459727665,fixed_recovery,339,269,392
14.490222584463874,fixed_recovery,339,268,393
14.496569910733232,infection,338,269,393
14.505153150409345,fixed_recovery,338,268,394
14.517340355548816,fixed_recovery,338,267,395
14.53566689748417,fixed_recovery,338,266,396
14.55091773002927,fixed_recovery,338,265,397
14.557080146248364,fixed_recovery,338,264,398
14.565884914816898,fixed_recovery,338,263,399
14.605996544340192,infection,337,264,399
14.616956027849184,fixed_recovery,337,263,400
14.617082216382133,fixed_recovery,337,262,401
14.617947192339798,infection,336,263,401
14.623117880960187,infection,335,264,401
14.639648832283402,infection,334,265,401
14.644800178114112,infection,333,266,401
14.65274420829951,fixed_recovery,333,265,402
14.661313099262767,fixed_recovery,333,264,403
14.662995980682268,fixed_recovery,333,263,404
14.675452425288578,fixed_recovery,333,262,405
14.702717867265276,infection,332,263,405
14.723957401034944,fixed_recovery,332,262,406
14.732114088075026,infection,331,263,406
14.749023709116786,infection,330,264,406
14.762801140509579,infection,329,265,406
14.76989705741955,fixed_recovery,329,264,407
14.782249478622203,fixed_recovery,329,263,408
14.809705280232352,fixed_recovery,329,262,409
14.812612272824683,fixed_recovery,329,261,410
14.82928047726858,fixed_recovery,329,260,411
14.83121974797126,fixed_recovery,329,259,412
14.844193378472879,fixed_recovery,329,258,413
14.847948800397644,fixed_recovery,329,257,414
14.853317160340575,fixed_recovery,329,256,415
14.878400996251962,infection,328,257,415
14.881396590833232,fixed_recovery,328,256,416
14.882701582914661,infection,327,257,416
14.882711795904342,fixed_recovery,327,256,417
14.88889200837986,fixed_recovery,327,255,418
14.898468991826032,fixed_recovery,327,254,419
14.898754276753417,fixed_recovery,327,253,420
14.899036210268223,infection,326,254,420
14.906227784108486,infection,325,255,420
14.910024132761755,fixed_recovery,325,254,421
14.935432179441573,fixed_recovery,325,253,422
14.941316234788466,fixed_recovery,325,252,423
14.941979581053285,infection,324,253,423
14.942826405816254,fixed_recovery,324,252,424
14.954636736984664,infection,323,253,424
14.971016037096135,fixed_recovery,323,252,425
14.98342880372839,fixed_recovery,323,251,426
14.984826859914357,fixed_recovery,323,250,427
14.991385706129671,fixed_recovery,323,249,428
14.993223030814702,infection,322,250,428
14.995374116501171,infection,321,251,428
14.997185721536868,fixed_recovery,321,250,429
15.009946795261637,infection,320,251,429
15.018910608181194,fixed_recovery,320,250,430
15.031505458008406,fixed_recovery,320,249,431
15.042779104941872,fixed_recovery,320,248,432
15.050180196080584,fixed_recovery,320,247,433
15.050777221227182,infection,319,248,433
15.051904839999727,infection,318,249,433
15.062294214034848,fixed_recovery,318,248,434
15.067903570843352,fixed_recovery,318,247,435
15.078436308476176,fixed_recovery,318,246,436
15.07954217775544,infection,317,247,436
15.109877937276622,fixed_recovery,317,246,437
15.117389106864401,infection,316,247,437
15.14518565975033,infection,315,248,437
15.149993776475744,fixed_recovery,315,247,438
15.17712210293661,infection,314,248,438
15.188509898511091,fixed_recovery,314,247,439
15.19689346926542,fixed_recovery,314,246,440
15.200705523599638,fixed_recovery,314,245,441
15.216715669883333,fixed_recovery,314,244,442
15.217765925954883,fixed_recovery,314,243,443
15.22717429093802,fixed_recovery,314,242,444
15.228635027831492,fixed_recovery,314,241,445
15.231983625225963,fixed_recovery,314,240,446
15.243612129144752,fixed_recovery,314,239,447
15.253736208211699,fixed_recovery,314,238,448
15.28142783102874,fixed_recovery,314,237,449
15.286006469397778,fixed_recovery,314,236,450
15.291449007903953,fixed_recovery,314,235,451
15.295723813289024,infection,313,236,451
15.301154132264923,infection,312,237,451
15.304955090270067,fixed_recovery,312,236,452
15.305008042393835,fixed_recovery,312,235,453
15.30780360500648,fixed_recovery,312,234,454
15.313686772101722,infection,311,235,454
15.3170030091222,fixed_recovery,311,234,455
15.3486218720404,infection,310,235,455
15.360039040657373,fixed_recovery,310,234,456
15.360378392047345,infection,309,235,456
15.365117637180148,fixed_recovery,309,234,457
15.373224785382043,fixed_recovery,309,233,458
15.380396747412282,fixed_recovery,309,232,459
15.383862184823238,fixed_recovery,309,231,460
15.386475318075068,fixed_recovery,309,230,461
15.392101598636875,fixed_recovery,309,229,462
15.403351217287025,fixed_recovery,309,228,463
15.41768148551613,fixed_recovery,309,227,464
15.4207595226557,fixed_recovery,309,226,465
15.423379917048402,fixed_recovery,309,225,466
15.442879242082478,fixed_recovery,309,224,467
15.4493850372307,infection,308,225,467
15.450566982435847,fixed_recovery,308,224,468
15.450653538902914,infection,307,225,468
15.46073751194242,infection,306,226,468
15.46401313133812,fixed_recovery,306,225,469
15.468800723523312,fixed_recovery,306,224,470
15.476306027398493,fixed_recovery,306,223,471
15.483698764218083,fixed_recovery,306,222,472
15.48382585246347,fixed_recovery,306,221,473
15.534446211728447,fixed_recovery,306,220,474
15.535367636192454,fixed_recovery,306,219,475
15.544871524746805,fixed_recovery,306,218,476
15.551750100804224,infection,305,219,476
15.556397118128837,fixed_recovery,305,218,477
15.559128656180329,infection,304,219,477
15.57967794311061,fixed_recovery,304,218,478
15.581815667879033,fixed_recovery,304,217,479
15.584523557362113,fixed_recovery,304,216,480
15.588581527311062,infection,303,217,480
15.608589989265996,fixed_recovery,303,216,481
15.634558268804799,infection,302,217,481
15.636456344921664,fixed_recovery,302,216,482
15.647860489577425,fixed_recovery,302,215,483
15.662010436222552,fixed_recovery,302,214,484
15.662248119126843,fixed_recovery,302,213,485
15.688181057009963,fixed_recovery,302,212,486
15.694883046694473,fixed_recovery,302,211,487
15.700561812128772,infection,301,212,487
15.709199982152825,fixed_recovery,301,211,488
15.71422687477434,fixed_recovery,301,210,489
15.722477769756457,fixed_recovery,301,209,490
15.758325446810124,fixed_recovery,301,208,491
15.770200257907463,fixed_recovery,301,207,492
15.774163816084034,fixed_recovery,301,206,493
15.782642826897387,fixed_recovery,301,205,494
15.782955529064386,infection,300,206,494
15.797292807984956,fixed_recovery,300,205,495
15.797302612850633,fixed_recovery,300,204,496
15.820919779744399,infection,299,205,496
15.835906189925694,fixed_recovery,299,204,497
15.856413076480571,fixed_recovery,299,203,498
15.922444166585851,fixed_recovery,299,202,499
15.923218872042948,fixed_recovery,299,201,500
15.924515695166429,fixed_recovery,299,200,501
15.925308795393885,fixed_recovery,299,199,502
15.929754233508362,fixed_recovery,299,198,503
15.933148598475459,fixed_recovery,299,197,504
15.933477616927599,fixed_recovery,299,196,505
15.942954521605929,fixed_recovery,299,195,506
15.950082670790993,fixed_recovery,299,194,507
15.951046351459018,fixed_recovery,299,193,508
15.963031093438202,fixed_recovery,299,192,509
15.964939003467725,infection,298,193,509
15.975546979262065,infection,297,194,509
15.981132579286436,infection,296,195,509
15.987284665482811,fixed_recovery,296,194,510
15.989333332447673,fixed_recovery,296,193,511
15.993805924293879,fixed_recovery,296,192,512
16.00092843935258,infection,295,193,512
16.001028900596797,fixed_recovery,295,192,513
16.00311542779,fixed_recovery,295,191,514
16.023549822420467,fixed_recovery,295,190,515
16.044016335516417,fixed_recovery,295,189,516
16.045584471670363,fixed_recovery,295,188,517
16.05605311500851,fixed_recovery,295,187,518
16.05983361326877,infection,294,188,518
16.061219407462822,fixed_recovery,294,187,519
16.08214449453925,fixed_recovery,294,186,520
16.082726830091257,infection,293,187,520
16.106113228253733,fixed_recovery,293,186,521
16.111396836498166,fixed_recovery,293,185,522
16.1152210587279,fixed_recovery,293,184,523
16.13303087414517,infection,292,185,523
16.14305045436023,fixed_recovery,292,184,524
16.14664749259692,fixed_recovery,292,183,525
16.153516482244385,fixed_recovery,292,182,526
16.153716388345327,fixed_recovery,292,181,527
16.15678703513037,fixed_recovery,292,180,528
16.163147636790704,fixed_recovery,292,179,529
16.16828971983358,fixed_recovery,292,178,530
16.171983217819527,fixed_recovery,292,177,531
16.17215433509726,infection,291,178,531
16.17368265476436,fixed_recovery,291,177,532
16.183683965925646,fixed_recovery,291,176,533
16.1868480305086,fixed_recovery,291,175,534
16.19541068826462,fixed_recovery,291,174,535
16.19610142941476,fixed_recovery,291,173,536
16.203869426469325,infection,290,174,536
16.206345852231046,fixed_recovery,290,173,537
16.223895099561815,fixed_recovery,290,172,538
16.231607324864413,fixed_recovery,290,171,539
16.23616381241508,fixed_recovery,290,170,540
16.23945107775126,fixed_recovery,290,169,541
16.249087034392154,fixed_recovery,290,168,542
16.250596685574486,fixed_recovery,290,167,543
16.251799033773327,infection,289,168,543
16.252485020113582,infection,288,169,543
16.25343587032553,fixed_recovery,288,168,544
16.285443042725063,infection,287,169,544
16.31662168038066,infection,286,170,544
16.323011173215058,fixed_recovery,286,169,545
16.33579223115177,fixed_recovery,286,168,546
16.341628778375362,infection,285,169,546
16.34319557211351,fixed_recovery,285,168,547
16.349801634073877,infection,284,169,547
16.352528283818312,fixed_recovery,284,168,548
16.36258466480045,fixed_recovery,284,167,549
16.36750416243714,fixed_recovery,284,166,550
16.373546287595474,infection,283,167,550
16.37824534524311,fixed_recovery,283,166,551
16.40510864678672,infection,282,167,551
16.407752444181362,fixed_recovery,282,166,552
16.412325829721283,infection,281,167,552
16.423121605228538,fixed_recovery,281,166,553
16.42789174889389,fixed_recovery,281,165,554
16.434549251811486,fixed_recovery,281,164,555
16.458184596963385,fixed_recovery,281,163,556
16.474534562554815,fixed_recovery,281,162,557
16.47877754450821,fixed_recovery,281,161,558
16.488655024385512,infection,280,162,558
16.493225720387493,infection,279,163,558
16.502866557479496,infection,278,164,558
16.50672131648274,fixed_recovery,278,163,559
16.55440162263531,fixed_recovery,278,162,560
16.57424127825814,fixed_recovery,278,161,561
16.576648720687174,fixed_recovery,278,160,562
16.57901575223852,fixed_recovery,278,159,563
16.594137832558644,fixed_recovery,278,158,564
16.597513295597185,infection,277,159,564
16.62524019683329,fixed_recovery,277,158,565
16.631808879364478,fixed_recovery,277,157,566
16.63190713400407,fixed_recovery,277,156,567
16.648265341150356,fixed_recovery,277,155,568
16.666659798914687,fixed_recovery,277,154,569
16.673619375481458,fixed_recovery,277,153,570
16.682357928071937,fixed_recovery,277,152,571
16.697292840690814,fixed_recovery,277,151,572
16.70437905649102,fixed_recovery,277,150,573
16.73255196807517,fixed_recovery,277,149,574
16.744937865545545,fixed_recovery,277,148,575
16.753151083197427,fixed_recovery,277,147,576
16.755619848064903,infection,276,148,576
16.764551273209957,fixed_recovery,276,147,577
16.77180914533369,fixed_recovery,276,146,578
16.776693543837144,fixed_recovery,276,145,579
16.80812980995416,fixed_recovery,276,144,580
16.829166882628243,fixed_recovery,276,143,581
16.833267654192383,fixed_recovery,276,142,582
16.852240113523788,infection,275,143,582
16.859750637096955,fixed_recovery,275,142,583
16.900960452125616,fixed_recovery,275,141,584
16.93066184659433,fixed_recovery,275,140,585
16.949752065936714,fixed_recovery,275,139,586
16.955710475572324,infection,274,140,586
16.97065773722015,fixed_recovery,274,139,587
16.983184282377042,infection,273,140,587
17.050365547926862,fixed_recovery,273,139,588
17.086336627067595,fixed_recovery,273,138,589
17.09976037828791,fixed_recovery,273,137,590
17.181574491066115,infection,272,138,590
17.184659698087636,infection,271,139,590
17.18474622026536,fixed_recovery,271,138,591
17.210456446287125,fixed_recovery,271,137,592
17.21204472296802,infection,270,138,592
17.21503439531466,fixed_recovery,270,137,593
17.23149196403749,fixed_recovery,270,136,594
17.241731416809692,fixed_recovery,270,135,595
17.276026250382415,fixed_recovery,270,134,596
17.300000098442364,fixed_recovery,270,133,597
17.30158168897681,fixed_recovery,270,132,598
17.320479330965476,fixed_recovery,270,131,599
17.32204817395088,infection,269,132,599
17.322738455609663,fixed_recovery,269,131,600
17.32636731351913,fixed_recovery,269,130,601
17.334110613825036,fixed_recovery,269,129,602
17.34359346817651,infection,268,130,602
17.346895326420878,fixed_recovery,268,129,603
17.357459229546663,fixed_recovery,268,128,604
17.38741887354558,fixed_recovery,268,127,605
17.388288295628506,fixed_recovery,268,126,606
17.424938284324405,fixed_recovery,268,125,607
17.44655591560219,fixed_recovery,268,124,608
17.458426162763335,fixed_recovery,268,123,609
17.45976118576889,fixed_recovery,268,122,610
17.46190085508223,infection,267,123,610
17.467111034721142,fixed_recovery,267,122,611
17.48119251122821,fixed_recovery,267,121,612
17.482349982514464,fixed_recovery,267,120,613
17.488592463270173,infection,266,121,613
17.50061752042695,fixed_recovery,266,120,614
17.50153094872147,fixed_recovery,266,119,615
17.521185258219063,fixed_recovery,266,118,616
17.528059334358183,fixed_recovery,266,117,617
17.535005720332,fixed_recovery,266,116,618
17.58987256191896,fixed_recovery,266,115,619
17.593061409494535,fixed_recovery,266,114,620
17.601840481555385,infection,265,115,620
17.610763585968378,fixed_recovery,265,114,621
17.637935067845817,fixed_recovery,265,113,622
17.6432055543888,fixed_recovery,265,112,623
17.652882316106528,fixed_recovery,265,111,624
17.667602801100397,fixed_recovery,265,110,625
17.688780167096695,infection,264,111,625
17.700769906554477,fixed_recovery,264,110,626
17.714664369380692,fixed_recovery,264,109,627
17.720903733824393,fixed_recovery,264,108,628
17.723800888722412,fixed_recovery,264,107,629
17.75559058913294,infection,263,108,629
17.762658487814512,fixed_recovery,263,107,630
17.83293239589024,fixed_recovery,263,106,631
17.852276162151995,fixed_recovery,263,105,632
17.85961185626281,fixed_recovery,263,104,633
17.869252730896243,fixed_recovery,263,103,634
17.890319238233367,infection,262,104,634
17.899126585198125,fixed_recovery,262,103,635
17.92243339877041,fixed_recovery,262,102,636
17.992994033018128,fixed_recovery,262,101,637
17.995267997823632,fixed_recovery,262,100,638
17.99927919623721,fixed_recovery,262,99,639
18.009637529961186,infection,261,100,639
18.014807281482568,fixed_recovery,261,99,640
18.01970253425536,fixed_recovery,261,98,641
18.032876883956934,fixed_recovery,261,97,642
18.037187199217993,fixed_recovery,261,96,643
18.0431853747083,fixed_recovery,261,95,644
18.07159829680834,fixed_recovery,261,94,645
18.07290667376718,fixed_recovery,261,93,646
18.075791387597196,fixed_recovery,261,92,647
18.08718520666616,fixed_recovery,261,91,648
18.099141104646574,fixed_recovery,261,90,649
18.099629480121745,fixed_recovery,261,89,650
18.12641938041237,infection,260,90,650
18.139738654068346,fixed_recovery,260,89,651
18.141302683885172,fixed_recovery,260,88,652
18.14677930410837,fixed_recovery,260,87,653
18.170458368360116,fixed_recovery,260,86,654
18.178302348775738,fixed_recovery,260,85,655
18.186153235185085,fixed_recovery,260,84,656
18.243746480642567,infection,259,85,656
18.26130195469765,fixed_recovery,259,84,657
18.29822015440682,infection,258,85,657
18.299339841260597,fixed_recovery,258,84,658
18.307692974241185,fixed_recovery,258,83,659
18.36171322587458,fixed_recovery,258,82,660
18.406642126538706,fixed_recovery,258,81,661
18.496569910733232,fixed_recovery,258,80,662
18.605996544340194,fixed_recovery,258,79,663
18.6179471923398,fixed_recovery,258,78,664
18.623117880960187,fixed_recovery,258,77,665
18.639648832283402,fixed_recovery,258,76,666
18.64480017811411,fixed_recovery,258,75,667
18.702717867265278,fixed_recovery,258,74,668
18.71085696527935,infection,257,75,668
18.732114088075026,fixed_recovery,257,74,669
18.749023709116784,fixed_recovery,257,73,670
18.76280114050958,fixed_recovery,257,72,671
18.814481612775058,infection,256,73,671
18.878400996251962,fixed_recovery,256,72,672
18.882701582914663,fixed_recovery,256,71,673
18.89903621026822,fixed_recovery,256,70,674
18.906227784108488,fixed_recovery,256,69,675
18.941979581053285,fixed_recovery,256,68,676
18.954636736984664,fixed_recovery,256,67,677
18.993223030814704,fixed_recovery,256,66,678
18.99537411650117,fixed_recovery,256,65,679
19.009946795261637,fixed_recovery,256,64,680
19.050777221227182,fixed_recovery,256,63,681
19.05190483999973,fixed_recovery,256,62,682
19.079542177755442,fixed_recovery,256,61,683
19.10234182489682,infection,255,62,683
19.1173891068644,fixed_recovery,255,61,684
19.145185659750332,fixed_recovery,255,60,685
19.16880730831217,infection,254,61,685
19.177122102936607,fixed_recovery,254,60,686
19.18636180427528,infection,253,61,686
19.209428299681232,infection,252,62,686
19.29449267271624,infection,251,63,686
19.295606960962335,infection,250,64,686
19.295723813289023,fixed_recovery,250,63,687
19.301154132264923,fixed_recovery,250,62,688
19.313686772101722,fixed_recovery,250,61,689
19.3486218720404,fixed_recovery,250,60,690
19.359693983104215,infection,249,61,690
19.360378392047345,fixed_recovery,249,60,691
19.449385037230698,fixed_recovery,249,59,692
19.450653538902912,fixed_recovery,249,58,693
19.46073751194242,fixed_recovery,249,57,694
19.551750100804224,fixed_recovery,249,56,695
19.559128656180327,fixed_recovery,249,55,696
19.588581527311064,fixed_recovery,249,54,697
19.621107446452882,infection,248,55,697
19.6345582688048,fixed_recovery,248,54,698
19.700561812128772,fixed_recovery,248,53,699
19.782955529064388,fixed_recovery,248,52,700
19.8209197797444,fixed_recovery,248,51,701
19.964939003467727,fixed_recovery,248,50,702
19.975546979262063,fixed_recovery,248,49,703
19.97574757596322,infection,247,50,703
19.981132579286438,fixed_recovery,247,49,704
20.00092843935258,fixed_recovery,247,48,705
20.024588201851103,infection,246,49,705
20.05983361326877,fixed_recovery,246,48,706
20.082726830091257,fixed_recovery,246,47,707
20.13303087414517,fixed_recovery,246,46,708
20.138909444260005,infection,245,47,708
20.17215433509726,fixed_recovery,245,46,709
20.203869426469325,fixed_recovery,245,45,710
20.251799033773327,fixed_recovery,245,44,711
20.252485020113582,fixed_recovery,245,43,712
20.285443042725063,fixed_recovery,245,42,713
20.31662168038066,fixed_recovery,245,41,714
20.341628778375362,fixed_recovery,245,40,715
20.349801634073877,fixed_recovery,245,39,716
20.373546287595474,fixed_recovery,245,38,717
20.40510864678672,fixed_recovery,245,37,718
20.412325829721283,fixed_recovery,245,36,719
20.488655024385512,fixed_recovery,245,35,720
20.493225720387493,fixed_recovery,245,34,721
20.502866557479496,fixed_recovery,245,33,722
20.597513295597185,fixed_recovery,245,32,723
20.755619848064903,fixed_recovery,245,31,724
20.852240113523788,fixed_recovery,245,30,725
20.955710475572324,fixed_recovery,245,29,726
20.983184282377042,fixed_recovery,245,28,727
21.000777007634575,infection,244,29,727
21.181574491066115,fixed_recovery,244,28,728
21.184659698087636,fixed_recovery,244,27,729
21.21204472296802,fixed_recovery,244,26,730
21.32204817395088,fixed_recovery,244,25,731
21.34359346817651,fixed_recovery,244,24,732
21.46190085508223,fixed_recovery,244,23,733
21.488592463270173,fixed_recovery,244,22,734
21.601840481555385,fixed_recovery,244,21,735
21.688780167096695,fixed_recovery,244,20,736
21.75559058913294,fixed_recovery,244,19,737
21.837301008758775,infection,243,20,737
21.890319238233367,fixed_recovery,243,19,738
21.962843060572315,infection,242,20,738
22.009637529961186,fixed_recovery,242,19,739
22.12641938041237,fixed_recovery,242,18,740
22.14890773973034,infection,241,19,740
22.163927580079566,infection,240,20,740
22.243746480642567,fixed_recovery,240,19,741
22.29822015440682,fixed_recovery,240,18,742
22.377326037277864,infection,239,19,742
22.71085696527935,fixed_recovery,239,18,743
22.718250062939763,infection,238,19,743
22.814481612775058,fixed_recovery,238,18,744
23.073622385325294,infection,237,19,744
23.10234182489682,fixed_recovery,237,18,745
23.1075502687804,infection,236,19,745
23.12470594358936,infection,235,20,745
23.16880730831217,fixed_recovery,235,19,746
23.18636180427528,fixed_recovery,235,18,747
23.209428299681232,fixed_recovery,235,17,748
23.29449267271624,fixed_recovery,235,16,749
23.295606960962335,fixed_recovery,235,15,750
23.359693983104215,fixed_recovery,235,14,751
23.621107446452882,fixed_recovery,235,13,752
23.97574757596322,fixed_recovery,235,12,753
24.024588201851103,fixed_recovery,235,11,754
24.138909444260005,fixed_recovery,235,10,755
25.000777007634575,fixed_recovery,235,9,756
25.213895768403905,infection,234,10,756
25.837301008758775,fixed_recovery,234,9,757
25.962843060572315,fixed_recovery,234,8,758
26.14890773973034,fixed_recovery,234,7,759
26.163927580079566,fixed_recovery,234,6,760
26.377326037277864,fixed_recovery,234,5,761
26.718250062939763,fixed_recovery,234,4,762
27.073622385325294,fixed_recovery,234,3,763
27.1075502687804,fixed_recovery,234,2,764
27.12470594358936,fixed_recovery,234,1,765
29.213895768403905,fixed_recovery,234,0,766
